{"v":"5.1.19","fr":25,"ip":15,"op":81,"w":400,"h":400,"nm":"book","ddd":0,"assets":[{"id":"comp_0","layers":[{"ddd":0,"ind":1,"ty":4,"nm":"p5","sr":1,"ks":{"o":{"a":1,"k":[{"i":{"x":[0.833],"y":[0.833]},"o":{"x":[0.167],"y":[0.167]},"n":["0p833_0p833_0p167_0p167"],"t":47,"s":[0],"e":[100]},{"i":{"x":[0.833],"y":[0.833]},"o":{"x":[0.167],"y":[0.167]},"n":["0p833_0p833_0p167_0p167"],"t":55,"s":[100],"e":[0]},{"i":{"x":[0.833],"y":[0.833]},"o":{"x":[0.167],"y":[0.167]},"n":["0p833_0p833_0p167_0p167"],"t":61,"s":[0],"e":[100]},{"i":{"x":[0.833],"y":[0.833]},"o":{"x":[0.167],"y":[0.167]},"n":["0p833_0p833_0p167_0p167"],"t":85,"s":[100],"e":[0]},{"t":95}],"ix":11},"r":{"a":0,"k":0,"ix":10},"p":{"a":1,"k":[{"i":{"x":0.833,"y":0.833},"o":{"x":0.167,"y":0.167},"n":"0p833_0p833_0p167_0p167","t":48,"s":[55.331,113.781,0],"e":[67.331,27.781,0],"to":[2,-14.3333330154419,0],"ti":[-2,14.3333330154419,0]},{"t":89}],"ix":2},"a":{"a":0,"k":[117.331,-11.219,0],"ix":1},"s":{"a":0,"k":[100,100,100],"ix":6}},"ao":0,"shapes":[{"ty":"gr","it":[{"ind":0,"ty":"sh","ix":1,"ks":{"a":0,"k":{"i":[[0,0],[0,0],[0,0],[0,0]],"o":[[0,0],[0,0],[0,0],[0,0]],"v":[[117.105,-5.126],[111.238,-11.445],[117.557,-17.312],[123.424,-10.994]],"c":true},"ix":2},"nm":"Path 1","mn":"ADBE Vector Shape - Group","hd":false},{"ty":"fl","c":{"a":0,"k":[1,0.368627458811,0.584313750267,1],"ix":4},"o":{"a":0,"k":100,"ix":5},"r":1,"nm":"Fill 1","mn":"ADBE Vector Graphic - Fill","hd":false},{"ty":"tr","p":{"a":0,"k":[0,0],"ix":2},"a":{"a":0,"k":[0,0],"ix":1},"s":{"a":0,"k":[100,100],"ix":3},"r":{"a":0,"k":0,"ix":6},"o":{"a":0,"k":100,"ix":7},"sk":{"a":0,"k":0,"ix":4},"sa":{"a":0,"k":0,"ix":5},"nm":"Transform"}],"nm":"Group 1","np":2,"cix":2,"ix":1,"mn":"ADBE Vector Group","hd":false}],"ip":0,"op":61,"st":0,"bm":0},{"ddd":0,"ind":2,"ty":4,"nm":"p4","sr":1,"ks":{"o":{"a":1,"k":[{"i":{"x":[0.833],"y":[0.833]},"o":{"x":[0.167],"y":[0.167]},"n":["0p833_0p833_0p167_0p167"],"t":33,"s":[0],"e":[100]},{"i":{"x":[0.833],"y":[0.833]},"o":{"x":[0.167],"y":[0.167]},"n":["0p833_0p833_0p167_0p167"],"t":43,"s":[100],"e":[100]},{"i":{"x":[0.833],"y":[0.833]},"o":{"x":[0.167],"y":[0.167]},"n":["0p833_0p833_0p167_0p167"],"t":47,"s":[100],"e":[0]},{"t":55}],"ix":11},"r":{"a":0,"k":0,"ix":10},"p":{"a":1,"k":[{"i":{"x":0.833,"y":0.833},"o":{"x":0.167,"y":0.167},"n":"0p833_0p833_0p167_0p167","t":33,"s":[51.835,114.605,0],"e":[39.835,28.605,0],"to":[-2,-14.3333330154419,0],"ti":[2,14.3333330154419,0]},{"t":89}],"ix":2},"a":{"a":0,"k":[89.835,-33.395,0],"ix":1},"s":{"a":0,"k":[100,100,100],"ix":6}},"ao":0,"shapes":[{"ty":"gr","it":[{"ind":0,"ty":"sh","ix":1,"ks":{"a":0,"k":{"i":[[0,0],[0,0],[0,0],[0,0]],"o":[[0,0],[0,0],[0,0],[0,0]],"v":[[89.609,-27.302],[83.742,-33.62],[90.061,-39.488],[95.928,-33.169]],"c":true},"ix":2},"nm":"Path 1","mn":"ADBE Vector Shape - Group","hd":false},{"ty":"fl","c":{"a":0,"k":[0.35686275363,1,0.913725495338,1],"ix":4},"o":{"a":0,"k":100,"ix":5},"r":1,"nm":"Fill 1","mn":"ADBE Vector Graphic - Fill","hd":false},{"ty":"tr","p":{"a":0,"k":[0,0],"ix":2},"a":{"a":0,"k":[0,0],"ix":1},"s":{"a":0,"k":[100,100],"ix":3},"r":{"a":0,"k":0,"ix":6},"o":{"a":0,"k":100,"ix":7},"sk":{"a":0,"k":0,"ix":4},"sa":{"a":0,"k":0,"ix":5},"nm":"Transform"}],"nm":"Group 1","np":2,"cix":2,"ix":1,"mn":"ADBE Vector Group","hd":false}],"ip":0,"op":61,"st":0,"bm":0},{"ddd":0,"ind":3,"ty":4,"nm":"p3","sr":1,"ks":{"o":{"a":1,"k":[{"i":{"x":[0.833],"y":[0.833]},"o":{"x":[0.167],"y":[0.167]},"n":["0p833_0p833_0p167_0p167"],"t":22,"s":[0],"e":[100]},{"i":{"x":[0.833],"y":[0.833]},"o":{"x":[0.167],"y":[0.167]},"n":["0p833_0p833_0p167_0p167"],"t":34,"s":[100],"e":[100]},{"i":{"x":[0.833],"y":[0.833]},"o":{"x":[0.167],"y":[0.167]},"n":["0p833_0p833_0p167_0p167"],"t":47,"s":[100],"e":[0]},{"t":55}],"ix":11},"r":{"a":0,"k":0,"ix":10},"p":{"a":1,"k":[{"i":{"x":0.833,"y":0.833},"o":{"x":0.167,"y":0.167},"n":"0p833_0p833_0p167_0p167","t":22,"s":[53.151,116.215,0],"e":[33.151,27.215,0],"to":[-3.33333325386047,-14.8333330154419,0],"ti":[3.33333325386047,14.8333330154419,0]},{"t":59}],"ix":2},"a":{"a":0,"k":[83.151,-70.785,0],"ix":1},"s":{"a":0,"k":[100,100,100],"ix":6}},"ao":0,"shapes":[],"ip":0,"op":61,"st":0,"bm":0},{"ddd":0,"ind":4,"ty":4,"nm":"p8","sr":1,"ks":{"o":{"a":1,"k":[{"i":{"x":[0.833],"y":[0.833]},"o":{"x":[0.167],"y":[0.167]},"n":["0p833_0p833_0p167_0p167"],"t":25,"s":[0],"e":[100]},{"i":{"x":[0.833],"y":[0.833]},"o":{"x":[0.167],"y":[0.167]},"n":["0p833_0p833_0p167_0p167"],"t":37,"s":[100],"e":[100]},{"i":{"x":[0.833],"y":[0.833]},"o":{"x":[0.167],"y":[0.167]},"n":["0p833_0p833_0p167_0p167"],"t":51,"s":[100],"e":[0]},{"t":61}],"ix":11},"r":{"a":1,"k":[{"i":{"x":[0.833],"y":[0.833]},"o":{"x":[0.167],"y":[0.167]},"n":["0p833_0p833_0p167_0p167"],"t":22,"s":[0],"e":[360]},{"t":87}],"ix":10},"p":{"a":1,"k":[{"i":{"x":0.833,"y":0.833},"o":{"x":0.167,"y":0.167},"n":"0p833_0p833_0p167_0p167","t":22,"s":[50.152,113.599,0],"e":[83.152,39.599,0],"to":[5.5,-12.3333330154419,0],"ti":[-5.5,12.3333330154419,0]},{"t":61}],"ix":2},"a":{"a":0,"k":[119.152,-60.401,0],"ix":1},"s":{"a":0,"k":[100,100,100],"ix":6}},"ao":0,"shapes":[{"ty":"gr","it":[{"ind":0,"ty":"sh","ix":1,"ks":{"a":0,"k":{"i":[[-0.499,-1.011],[0,0],[-0.443,-0.064],[0,0],[0.808,-0.787],[0,0],[-0.076,-0.441],[0,0],[0.998,0.525],[0,0],[0.396,-0.208],[0,0],[-0.191,1.112],[0,0],[0.321,0.313],[0,0],[-1.116,0.162],[0,0],[-0.198,0.402],[0,0]],"o":[[0,0],[0.198,0.402],[0,0],[1.116,0.162],[0,0],[-0.321,0.313],[0,0],[0.191,1.112],[0,0],[-0.396,-0.208],[0,0],[-0.998,0.525],[0,0],[0.076,-0.441],[0,0],[-0.808,-0.787],[0,0],[0.443,-0.064],[0,0],[0.499,-1.011]],"v":[[-25.78,-44.843],[-22.717,-38.636],[-21.692,-37.892],[-14.842,-36.896],[-14.088,-34.575],[-19.045,-29.744],[-19.436,-28.539],[-18.266,-21.718],[-20.24,-20.283],[-26.367,-23.504],[-27.633,-23.504],[-33.76,-20.283],[-35.734,-21.718],[-34.564,-28.539],[-34.955,-29.744],[-39.912,-34.575],[-39.158,-36.896],[-32.308,-37.892],[-31.283,-38.636],[-28.22,-44.843]],"c":true},"ix":2},"nm":"Path 1","mn":"ADBE Vector Shape - Group","hd":false},{"ty":"fl","c":{"a":0,"k":[1,0.956862745098,0.670588235294,1],"ix":4},"o":{"a":0,"k":100,"ix":5},"r":1,"nm":"Fill 1","mn":"ADBE Vector Graphic - Fill","hd":false},{"ty":"tr","p":{"a":0,"k":[145.5,-76.5],"ix":2},"a":{"a":0,"k":[0.002,-48.534],"ix":1},"s":{"a":0,"k":[100,100],"ix":3},"r":{"a":0,"k":0,"ix":6},"o":{"a":0,"k":100,"ix":7},"sk":{"a":0,"k":0,"ix":4},"sa":{"a":0,"k":0,"ix":5},"nm":"Transform"}],"nm":"star","np":2,"cix":2,"ix":3,"mn":"ADBE Vector Group","hd":false}],"ip":22,"op":61,"st":22,"bm":0},{"ddd":0,"ind":5,"ty":4,"nm":"p6","sr":1,"ks":{"o":{"a":1,"k":[{"i":{"x":[0.833],"y":[0.833]},"o":{"x":[0.167],"y":[0.167]},"n":["0p833_0p833_0p167_0p167"],"t":25,"s":[0],"e":[100]},{"i":{"x":[0.833],"y":[0.833]},"o":{"x":[0.167],"y":[0.167]},"n":["0p833_0p833_0p167_0p167"],"t":37,"s":[100],"e":[100]},{"i":{"x":[0.833],"y":[0.833]},"o":{"x":[0.167],"y":[0.167]},"n":["0p833_0p833_0p167_0p167"],"t":51,"s":[100],"e":[0]},{"t":61}],"ix":11},"r":{"a":1,"k":[{"i":{"x":[0.833],"y":[0.833]},"o":{"x":[0.167],"y":[0.167]},"n":["0p833_0p833_0p167_0p167"],"t":22,"s":[0],"e":[360]},{"t":87}],"ix":10},"p":{"a":1,"k":[{"i":{"x":0.833,"y":0.833},"o":{"x":0.167,"y":0.167},"n":"0p833_0p833_0p167_0p167","t":22,"s":[50.152,113.599,0],"e":[27.152,26.599,0],"to":[-3.83333325386047,-14.5,0],"ti":[3.83333325386047,14.5,0]},{"t":61}],"ix":2},"a":{"a":0,"k":[119.152,-60.401,0],"ix":1},"s":{"a":0,"k":[100,100,100],"ix":6}},"ao":0,"shapes":[{"ty":"gr","it":[{"ind":0,"ty":"sh","ix":1,"ks":{"a":0,"k":{"i":[[-0.499,-1.011],[0,0],[-0.443,-0.064],[0,0],[0.808,-0.787],[0,0],[-0.076,-0.441],[0,0],[0.998,0.525],[0,0],[0.396,-0.208],[0,0],[-0.191,1.112],[0,0],[0.321,0.313],[0,0],[-1.116,0.162],[0,0],[-0.198,0.402],[0,0]],"o":[[0,0],[0.198,0.402],[0,0],[1.116,0.162],[0,0],[-0.321,0.313],[0,0],[0.191,1.112],[0,0],[-0.396,-0.208],[0,0],[-0.998,0.525],[0,0],[0.076,-0.441],[0,0],[-0.808,-0.787],[0,0],[0.443,-0.064],[0,0],[0.499,-1.011]],"v":[[-25.78,-44.843],[-22.717,-38.636],[-21.692,-37.892],[-14.842,-36.896],[-14.088,-34.575],[-19.045,-29.744],[-19.436,-28.539],[-18.266,-21.718],[-20.24,-20.283],[-26.367,-23.504],[-27.633,-23.504],[-33.76,-20.283],[-35.734,-21.718],[-34.564,-28.539],[-34.955,-29.744],[-39.912,-34.575],[-39.158,-36.896],[-32.308,-37.892],[-31.283,-38.636],[-28.22,-44.843]],"c":true},"ix":2},"nm":"Path 1","mn":"ADBE Vector Shape - Group","hd":false},{"ty":"fl","c":{"a":0,"k":[1,0.956862745098,0.670588235294,1],"ix":4},"o":{"a":0,"k":100,"ix":5},"r":1,"nm":"Fill 1","mn":"ADBE Vector Graphic - Fill","hd":false},{"ty":"tr","p":{"a":0,"k":[145.5,-76.5],"ix":2},"a":{"a":0,"k":[0.002,-48.534],"ix":1},"s":{"a":0,"k":[100,100],"ix":3},"r":{"a":0,"k":0,"ix":6},"o":{"a":0,"k":100,"ix":7},"sk":{"a":0,"k":0,"ix":4},"sa":{"a":0,"k":0,"ix":5},"nm":"Transform"}],"nm":"star","np":2,"cix":2,"ix":3,"mn":"ADBE Vector Group","hd":false}],"ip":22,"op":61,"st":22,"bm":0},{"ddd":0,"ind":6,"ty":4,"nm":"p7","sr":1,"ks":{"o":{"a":1,"k":[{"i":{"x":[0.833],"y":[0.833]},"o":{"x":[0.167],"y":[0.167]},"n":["0p833_0p833_0p167_0p167"],"t":35,"s":[0],"e":[100]},{"i":{"x":[0.833],"y":[0.833]},"o":{"x":[0.167],"y":[0.167]},"n":["0p833_0p833_0p167_0p167"],"t":45,"s":[100],"e":[100]},{"i":{"x":[0.833],"y":[0.833]},"o":{"x":[0.167],"y":[0.167]},"n":["0p833_0p833_0p167_0p167"],"t":56,"s":[100],"e":[10]},{"i":{"x":[0.833],"y":[0.833]},"o":{"x":[0.167],"y":[0.167]},"n":["0p833_0p833_0p167_0p167"],"t":61,"s":[10],"e":[0]},{"t":73}],"ix":11},"r":{"a":1,"k":[{"i":{"x":[0.833],"y":[0.833]},"o":{"x":[0.167],"y":[0.167]},"n":["0p833_0p833_0p167_0p167"],"t":32,"s":[0],"e":[360]},{"t":97}],"ix":10},"p":{"a":1,"k":[{"i":{"x":0.833,"y":0.833},"o":{"x":0.167,"y":0.167},"n":"0p833_0p833_0p167_0p167","t":32,"s":[50.152,113.599,0],"e":[69.152,26.599,0],"to":[3.16666674613953,-14.5,0],"ti":[-3.16666674613953,14.5,0]},{"t":73}],"ix":2},"a":{"a":0,"k":[119.152,-60.401,0],"ix":1},"s":{"a":0,"k":[100,100,100],"ix":6}},"ao":0,"shapes":[{"ty":"gr","it":[{"ind":0,"ty":"sh","ix":1,"ks":{"a":0,"k":{"i":[[-0.499,-1.011],[0,0],[-0.443,-0.064],[0,0],[0.808,-0.787],[0,0],[-0.076,-0.441],[0,0],[0.998,0.525],[0,0],[0.396,-0.208],[0,0],[-0.191,1.112],[0,0],[0.321,0.313],[0,0],[-1.116,0.162],[0,0],[-0.198,0.402],[0,0]],"o":[[0,0],[0.198,0.402],[0,0],[1.116,0.162],[0,0],[-0.321,0.313],[0,0],[0.191,1.112],[0,0],[-0.396,-0.208],[0,0],[-0.998,0.525],[0,0],[0.076,-0.441],[0,0],[-0.808,-0.787],[0,0],[0.443,-0.064],[0,0],[0.499,-1.011]],"v":[[-25.78,-44.843],[-22.717,-38.636],[-21.692,-37.892],[-14.842,-36.896],[-14.088,-34.575],[-19.045,-29.744],[-19.436,-28.539],[-18.266,-21.718],[-20.24,-20.283],[-26.367,-23.504],[-27.633,-23.504],[-33.76,-20.283],[-35.734,-21.718],[-34.564,-28.539],[-34.955,-29.744],[-39.912,-34.575],[-39.158,-36.896],[-32.308,-37.892],[-31.283,-38.636],[-28.22,-44.843]],"c":true},"ix":2},"nm":"Path 1","mn":"ADBE Vector Shape - Group","hd":false},{"ty":"fl","c":{"a":0,"k":[1,0.956862745098,0.670588235294,1],"ix":4},"o":{"a":0,"k":100,"ix":5},"r":1,"nm":"Fill 1","mn":"ADBE Vector Graphic - Fill","hd":false},{"ty":"tr","p":{"a":0,"k":[145.5,-76.5],"ix":2},"a":{"a":0,"k":[0.002,-48.534],"ix":1},"s":{"a":0,"k":[100,100],"ix":3},"r":{"a":0,"k":0,"ix":6},"o":{"a":0,"k":100,"ix":7},"sk":{"a":0,"k":0,"ix":4},"sa":{"a":0,"k":0,"ix":5},"nm":"Transform"}],"nm":"star","np":2,"cix":2,"ix":3,"mn":"ADBE Vector Group","hd":false}],"ip":32,"op":61,"st":32,"bm":0},{"ddd":0,"ind":7,"ty":4,"nm":"p2","sr":1,"ks":{"o":{"a":1,"k":[{"i":{"x":[0.833],"y":[0.833]},"o":{"x":[0.167],"y":[0.167]},"n":["0p833_0p833_0p167_0p167"],"t":11,"s":[0],"e":[100]},{"i":{"x":[0.833],"y":[0.833]},"o":{"x":[0.167],"y":[0.167]},"n":["0p833_0p833_0p167_0p167"],"t":23,"s":[100],"e":[100]},{"i":{"x":[0.833],"y":[0.833]},"o":{"x":[0.167],"y":[0.167]},"n":["0p833_0p833_0p167_0p167"],"t":40,"s":[100],"e":[0]},{"t":50}],"ix":11},"r":{"a":0,"k":0,"ix":10},"p":{"a":1,"k":[{"i":{"x":0.833,"y":0.833},"o":{"x":0.167,"y":0.167},"n":"0p833_0p833_0p167_0p167","t":11,"s":[52.173,113.788,0],"e":[67.173,28.788,0],"to":[2.5,-14.1666669845581,0],"ti":[-2.5,14.1666669845581,0]},{"t":50}],"ix":2},"a":{"a":0,"k":[117.173,-96.212,0],"ix":1},"s":{"a":0,"k":[100,100,100],"ix":6}},"ao":0,"shapes":[{"ty":"gr","it":[{"ind":0,"ty":"sh","ix":1,"ks":{"a":0,"k":{"i":[[0,0],[0,0],[0,0],[0,0]],"o":[[0,0],[0,0],[0,0],[0,0]],"v":[[116.722,-84.026],[104.987,-96.663],[117.624,-108.398],[129.359,-95.761]],"c":true},"ix":2},"nm":"Path 1","mn":"ADBE Vector Shape - Group","hd":false},{"ty":"fl","c":{"a":0,"k":[0.35686275363,1,0.913725495338,1],"ix":4},"o":{"a":0,"k":100,"ix":5},"r":1,"nm":"Fill 1","mn":"ADBE Vector Graphic - Fill","hd":false},{"ty":"tr","p":{"a":0,"k":[0,0],"ix":2},"a":{"a":0,"k":[0,0],"ix":1},"s":{"a":0,"k":[100,100],"ix":3},"r":{"a":0,"k":0,"ix":6},"o":{"a":0,"k":100,"ix":7},"sk":{"a":0,"k":0,"ix":4},"sa":{"a":0,"k":0,"ix":5},"nm":"Transform"}],"nm":"Group 1","np":2,"cix":2,"ix":1,"mn":"ADBE Vector Group","hd":false}],"ip":0,"op":61,"st":0,"bm":0},{"ddd":0,"ind":8,"ty":4,"nm":"p1","sr":1,"ks":{"o":{"a":1,"k":[{"i":{"x":[0.833],"y":[0.833]},"o":{"x":[0.167],"y":[0.167]},"n":["0p833_0p833_0p167_0p167"],"t":3,"s":[0],"e":[100]},{"i":{"x":[0.833],"y":[0.833]},"o":{"x":[0.167],"y":[0.167]},"n":["0p833_0p833_0p167_0p167"],"t":15,"s":[100],"e":[100]},{"i":{"x":[0.833],"y":[0.833]},"o":{"x":[0.167],"y":[0.167]},"n":["0p833_0p833_0p167_0p167"],"t":31,"s":[100],"e":[0]},{"t":41}],"ix":11},"r":{"a":1,"k":[{"i":{"x":[0.833],"y":[0.833]},"o":{"x":[0.167],"y":[0.167]},"n":["0p833_0p833_0p167_0p167"],"t":0,"s":[0],"e":[360]},{"t":65}],"ix":10},"p":{"a":1,"k":[{"i":{"x":0.833,"y":0.833},"o":{"x":0.167,"y":0.167},"n":"0p833_0p833_0p167_0p167","t":0,"s":[50.152,113.599,0],"e":[69.152,26.599,0],"to":[3.16666674613953,-14.5,0],"ti":[-3.16666674613953,14.5,0]},{"t":41}],"ix":2},"a":{"a":0,"k":[119.152,-60.401,0],"ix":1},"s":{"a":0,"k":[100,100,100],"ix":6}},"ao":0,"shapes":[{"ty":"gr","it":[{"ind":0,"ty":"sh","ix":1,"ks":{"a":0,"k":{"i":[[-0.499,-1.011],[0,0],[-0.443,-0.064],[0,0],[0.808,-0.787],[0,0],[-0.076,-0.441],[0,0],[0.998,0.525],[0,0],[0.396,-0.208],[0,0],[-0.191,1.112],[0,0],[0.321,0.313],[0,0],[-1.116,0.162],[0,0],[-0.198,0.402],[0,0]],"o":[[0,0],[0.198,0.402],[0,0],[1.116,0.162],[0,0],[-0.321,0.313],[0,0],[0.191,1.112],[0,0],[-0.396,-0.208],[0,0],[-0.998,0.525],[0,0],[0.076,-0.441],[0,0],[-0.808,-0.787],[0,0],[0.443,-0.064],[0,0],[0.499,-1.011]],"v":[[-25.78,-44.843],[-22.717,-38.636],[-21.692,-37.892],[-14.842,-36.896],[-14.088,-34.575],[-19.045,-29.744],[-19.436,-28.539],[-18.266,-21.718],[-20.24,-20.283],[-26.367,-23.504],[-27.633,-23.504],[-33.76,-20.283],[-35.734,-21.718],[-34.564,-28.539],[-34.955,-29.744],[-39.912,-34.575],[-39.158,-36.896],[-32.308,-37.892],[-31.283,-38.636],[-28.22,-44.843]],"c":true},"ix":2},"nm":"Path 1","mn":"ADBE Vector Shape - Group","hd":false},{"ty":"fl","c":{"a":0,"k":[1,0.956862745098,0.670588235294,1],"ix":4},"o":{"a":0,"k":100,"ix":5},"r":1,"nm":"Fill 1","mn":"ADBE Vector Graphic - Fill","hd":false},{"ty":"tr","p":{"a":0,"k":[145.5,-76.5],"ix":2},"a":{"a":0,"k":[0.002,-48.534],"ix":1},"s":{"a":0,"k":[100,100],"ix":3},"r":{"a":0,"k":0,"ix":6},"o":{"a":0,"k":100,"ix":7},"sk":{"a":0,"k":0,"ix":4},"sa":{"a":0,"k":0,"ix":5},"nm":"Transform"}],"nm":"star","np":2,"cix":2,"ix":3,"mn":"ADBE Vector Group","hd":false}],"ip":0,"op":61,"st":0,"bm":0}]},{"id":"comp_1","layers":[{"ddd":0,"ind":1,"ty":4,"nm":"turn_white","sr":1,"ks":{"o":{"a":0,"k":100,"ix":11},"r":{"a":0,"k":0,"ix":10},"p":{"a":0,"k":[176.291,201,0],"ix":2},"a":{"a":0,"k":[-23.709,1,0],"ix":1},"s":{"a":0,"k":[100,100,100],"ix":6}},"ao":0,"shapes":[{"ty":"gr","it":[{"ind":0,"ty":"sh","ix":1,"ks":{"a":1,"k":[{"i":{"x":0.833,"y":0.833},"o":{"x":0.167,"y":0.167},"n":"0p833_0p833_0p167_0p167","t":8,"s":[{"i":[[0,0],[-11.984,1.525],[5.125,-0.821],[0,0],[12.454,-1.696],[7.667,-4.607]],"o":[[6,-3.553],[9.615,-1.223],[0,0],[-8.083,-1.863],[-12.284,1.673],[0,0]],"v":[[-0.5,39],[22.651,29.922],[45.583,31.422],[44.916,-36.523],[23.712,-37.19],[-0.5,-27.446]],"c":true}],"e":[{"i":[[0,0],[-11.984,1.525],[-12.249,-1.589],[0,0],[12.454,-1.696],[7.667,-4.607]],"o":[[6,-3.553],[9.615,-1.223],[0,0],[-8.083,-1.863],[-12.284,1.673],[0,0]],"v":[[-0.5,39],[19.151,26.256],[39.916,29.756],[44.916,-36.523],[23.712,-37.19],[-0.5,-27.446]],"c":true}]},{"i":{"x":0.833,"y":0.833},"o":{"x":0.167,"y":0.167},"n":"0p833_0p833_0p167_0p167","t":10,"s":[{"i":[[0,0],[-11.984,1.525],[-12.249,-1.589],[0,0],[12.454,-1.696],[7.667,-4.607]],"o":[[6,-3.553],[9.615,-1.223],[0,0],[-8.083,-1.863],[-12.284,1.673],[0,0]],"v":[[-0.5,39],[19.151,26.256],[39.916,29.756],[44.916,-36.523],[23.712,-37.19],[-0.5,-27.446]],"c":true}],"e":[{"i":[[0,0],[-9.157,-0.595],[-11.249,0.272],[0,0],[8.588,-2.821],[4.583,-4.713]],"o":[[4.587,-3.436],[8.01,-0.761],[0,0],[-10.838,-1.065],[-8.912,0.346],[0,0]],"v":[[-0.5,39],[16.323,25.761],[32.749,29.311],[32.672,-37.435],[15.412,-41.679],[-0.5,-27.446]],"c":true}]},{"i":{"x":0.833,"y":0.833},"o":{"x":0.167,"y":0.167},"n":"0p833_0p833_0p167_0p167","t":12,"s":[{"i":[[0,0],[-9.157,-0.595],[-11.249,0.272],[0,0],[8.588,-2.821],[4.583,-4.713]],"o":[[4.587,-3.436],[8.01,-0.761],[0,0],[-10.838,-1.065],[-8.912,0.346],[0,0]],"v":[[-0.5,39],[16.323,25.761],[32.749,29.311],[32.672,-37.435],[15.412,-41.679],[-0.5,-27.446]],"c":true}],"e":[{"i":[[0,0],[-6.329,2.233],[-8.416,0.758],[0,0],[7.221,-4.999],[1.5,-4.819]],"o":[[3.175,-3.32],[8.171,-2.6],[0,0],[-4.76,2.054],[-6.446,1.835],[0,0]],"v":[[-0.5,39],[9.162,22.767],[23.666,24.742],[23.844,-43.137],[6.279,-45.001],[-0.5,-27.446]],"c":true}]},{"i":{"x":0.833,"y":0.833},"o":{"x":0.167,"y":0.167},"n":"0p833_0p833_0p167_0p167","t":13,"s":[{"i":[[0,0],[-6.329,2.233],[-8.416,0.758],[0,0],[7.221,-4.999],[1.5,-4.819]],"o":[[3.175,-3.32],[8.171,-2.6],[0,0],[-4.76,2.054],[-6.446,1.835],[0,0]],"v":[[-0.5,39],[9.162,22.767],[23.666,24.742],[23.844,-43.137],[6.279,-45.001],[-0.5,-27.446]],"c":true}],"e":[{"i":[[0,0],[-0.623,5.564],[3.805,1.625],[0,0],[1.662,-5.182],[0.066,-4.247]],"o":[[1.197,-3.156],[0.21,-6.302],[0,0],[-2.149,-1.445],[-1.089,6.539],[0,0]],"v":[[-0.5,39],[-0.344,23.176],[3.219,14.169],[3.285,-52.812],[0.506,-42.789],[-0.5,-27.446]],"c":true}]},{"i":{"x":0.833,"y":0.833},"o":{"x":0.167,"y":0.167},"n":"0p833_0p833_0p167_0p167","t":14,"s":[{"i":[[0,0],[-0.623,5.564],[3.805,1.625],[0,0],[1.662,-5.182],[0.066,-4.247]],"o":[[1.197,-3.156],[0.21,-6.302],[0,0],[-2.149,-1.445],[-1.089,6.539],[0,0]],"v":[[-0.5,39],[-0.344,23.176],[3.219,14.169],[3.285,-52.812],[0.506,-42.789],[-0.5,-27.446]],"c":true}],"e":[{"i":[[0,0],[0.393,5.895],[0.713,4.43],[0,0],[-0.451,-4.642],[-0.651,-3.961]],"o":[[0.208,-3.075],[-0.403,-6.048],[0,0],[-0.927,-1.359],[0.747,5.665],[0,0]],"v":[[-0.5,39],[-5.263,23.548],[-5.296,12.903],[-5.286,-53.629],[-3.867,-42.071],[-0.5,-27.446]],"c":true}]},{"i":{"x":0.833,"y":0.833},"o":{"x":0.167,"y":0.167},"n":"0p833_0p833_0p167_0p167","t":15,"s":[{"i":[[0,0],[0.393,5.895],[0.713,4.43],[0,0],[-0.451,-4.642],[-0.651,-3.961]],"o":[[0.208,-3.075],[-0.403,-6.048],[0,0],[-0.927,-1.359],[0.747,5.665],[0,0]],"v":[[-0.5,39],[-5.263,23.548],[-5.296,12.903],[-5.286,-53.629],[-3.867,-42.071],[-0.5,-27.446]],"c":true}],"e":[{"i":[[0,0],[2.665,6.052],[1.27,4.862],[0,0],[-2.564,-4.101],[-1.369,-3.675]],"o":[[-0.781,-2.993],[-2.317,-5.753],[0,0],[0.295,-1.273],[2.406,5.521],[0,0]],"v":[[-0.5,39],[-10.183,23.919],[-13.811,11.638],[-13.857,-54.445],[-10.073,-39.187],[-0.5,-27.446]],"c":true}]},{"i":{"x":0.833,"y":0.833},"o":{"x":0.167,"y":0.167},"n":"0p833_0p833_0p167_0p167","t":16,"s":[{"i":[[0,0],[2.665,6.052],[1.27,4.862],[0,0],[-2.564,-4.101],[-1.369,-3.675]],"o":[[-0.781,-2.993],[-2.317,-5.753],[0,0],[0.295,-1.273],[2.406,5.521],[0,0]],"v":[[-0.5,39],[-10.183,23.919],[-13.811,11.638],[-13.857,-54.445],[-10.073,-39.187],[-0.5,-27.446]],"c":true}],"e":[{"i":[[0,0],[4.936,6.209],[1.826,5.295],[0,0],[-5.138,-4.28],[-2.086,-3.389]],"o":[[-1.77,-2.911],[-4.231,-5.458],[0,0],[1.517,-1.187],[4.421,3.919],[0,0]],"v":[[-0.5,39],[-15.102,24.29],[-22.326,10.372],[-22.428,-55.262],[-15.445,-40.137],[-0.5,-27.446]],"c":true}]},{"i":{"x":0.833,"y":0.833},"o":{"x":0.167,"y":0.167},"n":"0p833_0p833_0p167_0p167","t":18,"s":[{"i":[[0,0],[4.936,6.209],[1.826,5.295],[0,0],[-5.138,-4.28],[-2.086,-3.389]],"o":[[-1.77,-2.911],[-4.231,-5.458],[0,0],[1.517,-1.187],[4.421,3.919],[0,0]],"v":[[-0.5,39],[-15.102,24.29],[-22.326,10.372],[-22.428,-55.262],[-15.445,-40.137],[-0.5,-27.446]],"c":true}],"e":[{"i":[[0,0],[7.972,3.99],[3.476,2.237],[0,0],[-7.696,-2.788],[-3.11,-2.981]],"o":[[-3.182,-2.795],[-6.9,-3.499],[0,0],[3.262,-1.064],[7.335,2.924],[0,0]],"v":[[-0.5,39],[-24.059,29.356],[-34.622,20.481],[-34.673,-45.559],[-19.617,-35.913],[-0.5,-27.446]],"c":true}]},{"i":{"x":0.833,"y":0.833},"o":{"x":0.167,"y":0.167},"n":"0p833_0p833_0p167_0p167","t":21,"s":[{"i":[[0,0],[7.972,3.99],[3.476,2.237],[0,0],[-7.696,-2.788],[-3.11,-2.981]],"o":[[-3.182,-2.795],[-6.9,-3.499],[0,0],[3.262,-1.064],[7.335,2.924],[0,0]],"v":[[-0.5,39],[-24.059,29.356],[-34.622,20.481],[-34.673,-45.559],[-19.617,-35.913],[-0.5,-27.446]],"c":true}],"e":[{"i":[[0,0],[11.009,1.771],[5.125,-0.821],[0,0],[-10.714,-2.016],[-4.135,-2.572]],"o":[[-4.595,-2.678],[-9.569,-1.539],[0,0],[5.007,-0.941],[10.249,1.928],[0,0]],"v":[[-0.5,39],[-24.182,30.589],[-46.917,30.589],[-46.917,-35.857],[-22.288,-35.857],[-0.5,-27.446]],"c":true}]},{"t":24}],"ix":2},"nm":"Path 1","mn":"ADBE Vector Shape - Group","hd":false},{"ty":"fl","c":{"a":0,"k":[1,1,1,1],"ix":4},"o":{"a":0,"k":100,"ix":5},"r":1,"nm":"Fill 1","mn":"ADBE Vector Graphic - Fill","hd":false},{"ty":"fl","c":{"a":0,"k":[1,1,1,1],"ix":4},"o":{"a":0,"k":100,"ix":5},"r":1,"nm":"Fill 2","mn":"ADBE Vector Graphic - Fill","hd":false},{"ty":"tr","p":{"a":0,"k":[0,0],"ix":2},"a":{"a":0,"k":[0,0],"ix":1},"s":{"a":0,"k":[100,100],"ix":3},"r":{"a":0,"k":0,"ix":6},"o":{"a":0,"k":100,"ix":7},"sk":{"a":0,"k":0,"ix":4},"sa":{"a":0,"k":0,"ix":5},"nm":"Transform"}],"nm":"Group 1","np":3,"cix":2,"ix":1,"mn":"ADBE Vector Group","hd":false}],"ip":13,"op":25,"st":-15,"bm":0},{"ddd":0,"ind":2,"ty":4,"nm":"turn_cyan","sr":1,"ks":{"o":{"a":0,"k":90,"ix":11},"r":{"a":0,"k":0,"ix":10},"p":{"a":0,"k":[176.291,201,0],"ix":2},"a":{"a":0,"k":[-23.709,1,0],"ix":1},"s":{"a":0,"k":[100,100,100],"ix":6}},"ao":0,"shapes":[{"ty":"gr","it":[{"ind":0,"ty":"sh","ix":1,"ks":{"a":1,"k":[{"i":{"x":0.833,"y":0.833},"o":{"x":0.167,"y":0.167},"n":"0p833_0p833_0p167_0p167","t":4,"s":[{"i":[[0,0],[-11.984,1.525],[5.125,-0.821],[0,0],[12.454,-1.696],[7.667,-4.607]],"o":[[6,-3.553],[9.615,-1.223],[0,0],[-8.083,-1.863],[-12.284,1.673],[0,0]],"v":[[-0.5,39],[22.651,29.922],[45.583,31.422],[44.916,-36.523],[23.712,-37.19],[-0.5,-27.446]],"c":true}],"e":[{"i":[[0,0],[-11.984,1.525],[-12.249,-1.589],[0,0],[12.454,-1.696],[7.667,-4.607]],"o":[[6,-3.553],[9.615,-1.223],[0,0],[-8.083,-1.863],[-12.284,1.673],[0,0]],"v":[[-0.5,39],[19.151,26.256],[39.916,29.756],[44.916,-36.523],[23.712,-37.19],[-0.5,-27.446]],"c":true}]},{"i":{"x":0.833,"y":0.833},"o":{"x":0.167,"y":0.167},"n":"0p833_0p833_0p167_0p167","t":6,"s":[{"i":[[0,0],[-11.984,1.525],[-12.249,-1.589],[0,0],[12.454,-1.696],[7.667,-4.607]],"o":[[6,-3.553],[9.615,-1.223],[0,0],[-8.083,-1.863],[-12.284,1.673],[0,0]],"v":[[-0.5,39],[19.151,26.256],[39.916,29.756],[44.916,-36.523],[23.712,-37.19],[-0.5,-27.446]],"c":true}],"e":[{"i":[[0,0],[-9.157,-0.595],[-11.249,0.272],[0,0],[8.588,-2.821],[4.583,-4.713]],"o":[[4.587,-3.436],[8.01,-0.761],[0,0],[-10.838,-1.065],[-8.912,0.346],[0,0]],"v":[[-0.5,39],[16.323,25.761],[32.749,29.311],[32.672,-37.435],[15.412,-41.679],[-0.5,-27.446]],"c":true}]},{"i":{"x":0.833,"y":0.833},"o":{"x":0.167,"y":0.167},"n":"0p833_0p833_0p167_0p167","t":8,"s":[{"i":[[0,0],[-9.157,-0.595],[-11.249,0.272],[0,0],[8.588,-2.821],[4.583,-4.713]],"o":[[4.587,-3.436],[8.01,-0.761],[0,0],[-10.838,-1.065],[-8.912,0.346],[0,0]],"v":[[-0.5,39],[16.323,25.761],[32.749,29.311],[32.672,-37.435],[15.412,-41.679],[-0.5,-27.446]],"c":true}],"e":[{"i":[[0,0],[-6.329,2.233],[-8.416,0.758],[0,0],[7.221,-4.999],[1.5,-4.819]],"o":[[3.175,-3.32],[8.171,-2.6],[0,0],[-4.76,2.054],[-6.446,1.835],[0,0]],"v":[[-0.5,39],[9.162,22.767],[23.666,24.742],[23.844,-43.137],[6.279,-45.001],[-0.5,-27.446]],"c":true}]},{"i":{"x":0.833,"y":0.833},"o":{"x":0.167,"y":0.167},"n":"0p833_0p833_0p167_0p167","t":9,"s":[{"i":[[0,0],[-6.329,2.233],[-8.416,0.758],[0,0],[7.221,-4.999],[1.5,-4.819]],"o":[[3.175,-3.32],[8.171,-2.6],[0,0],[-4.76,2.054],[-6.446,1.835],[0,0]],"v":[[-0.5,39],[9.162,22.767],[23.666,24.742],[23.844,-43.137],[6.279,-45.001],[-0.5,-27.446]],"c":true}],"e":[{"i":[[0,0],[-0.623,5.564],[3.805,1.625],[0,0],[1.662,-5.182],[0.066,-4.247]],"o":[[1.197,-3.156],[0.21,-6.302],[0,0],[-2.149,-1.445],[-1.089,6.539],[0,0]],"v":[[-0.5,39],[-0.344,23.176],[3.219,14.169],[3.285,-52.812],[0.506,-42.789],[-0.5,-27.446]],"c":true}]},{"i":{"x":0.833,"y":0.833},"o":{"x":0.167,"y":0.167},"n":"0p833_0p833_0p167_0p167","t":10,"s":[{"i":[[0,0],[-0.623,5.564],[3.805,1.625],[0,0],[1.662,-5.182],[0.066,-4.247]],"o":[[1.197,-3.156],[0.21,-6.302],[0,0],[-2.149,-1.445],[-1.089,6.539],[0,0]],"v":[[-0.5,39],[-0.344,23.176],[3.219,14.169],[3.285,-52.812],[0.506,-42.789],[-0.5,-27.446]],"c":true}],"e":[{"i":[[0,0],[0.393,5.895],[0.713,4.43],[0,0],[-0.451,-4.642],[-0.651,-3.961]],"o":[[0.208,-3.075],[-0.403,-6.048],[0,0],[-0.927,-1.359],[0.747,5.665],[0,0]],"v":[[-0.5,39],[-5.263,23.548],[-5.296,12.903],[-5.286,-53.629],[-3.867,-42.071],[-0.5,-27.446]],"c":true}]},{"i":{"x":0.833,"y":0.833},"o":{"x":0.167,"y":0.167},"n":"0p833_0p833_0p167_0p167","t":11,"s":[{"i":[[0,0],[0.393,5.895],[0.713,4.43],[0,0],[-0.451,-4.642],[-0.651,-3.961]],"o":[[0.208,-3.075],[-0.403,-6.048],[0,0],[-0.927,-1.359],[0.747,5.665],[0,0]],"v":[[-0.5,39],[-5.263,23.548],[-5.296,12.903],[-5.286,-53.629],[-3.867,-42.071],[-0.5,-27.446]],"c":true}],"e":[{"i":[[0,0],[2.665,6.052],[1.27,4.862],[0,0],[-2.564,-4.101],[-1.369,-3.675]],"o":[[-0.781,-2.993],[-2.317,-5.753],[0,0],[0.295,-1.273],[2.406,5.521],[0,0]],"v":[[-0.5,39],[-10.183,23.919],[-13.811,11.638],[-13.857,-54.445],[-10.073,-39.187],[-0.5,-27.446]],"c":true}]},{"i":{"x":0.833,"y":0.833},"o":{"x":0.167,"y":0.167},"n":"0p833_0p833_0p167_0p167","t":12,"s":[{"i":[[0,0],[2.665,6.052],[1.27,4.862],[0,0],[-2.564,-4.101],[-1.369,-3.675]],"o":[[-0.781,-2.993],[-2.317,-5.753],[0,0],[0.295,-1.273],[2.406,5.521],[0,0]],"v":[[-0.5,39],[-10.183,23.919],[-13.811,11.638],[-13.857,-54.445],[-10.073,-39.187],[-0.5,-27.446]],"c":true}],"e":[{"i":[[0,0],[4.936,6.209],[1.826,5.295],[0,0],[-5.138,-4.28],[-2.086,-3.389]],"o":[[-1.77,-2.911],[-4.231,-5.458],[0,0],[1.517,-1.187],[4.421,3.919],[0,0]],"v":[[-0.5,39],[-15.102,24.29],[-22.326,10.372],[-22.428,-55.262],[-15.445,-40.137],[-0.5,-27.446]],"c":true}]},{"i":{"x":0.833,"y":0.833},"o":{"x":0.167,"y":0.167},"n":"0p833_0p833_0p167_0p167","t":13,"s":[{"i":[[0,0],[4.936,6.209],[1.826,5.295],[0,0],[-5.138,-4.28],[-2.086,-3.389]],"o":[[-1.77,-2.911],[-4.231,-5.458],[0,0],[1.517,-1.187],[4.421,3.919],[0,0]],"v":[[-0.5,39],[-15.102,24.29],[-22.326,10.372],[-22.428,-55.262],[-15.445,-40.137],[-0.5,-27.446]],"c":true}],"e":[{"i":[[0,0],[7.972,3.99],[3.476,2.237],[0,0],[-7.696,-2.788],[-3.11,-2.981]],"o":[[-3.182,-2.795],[-6.9,-3.499],[0,0],[3.262,-1.064],[7.335,2.924],[0,0]],"v":[[-0.5,39],[-24.059,29.356],[-34.622,20.481],[-34.673,-45.559],[-19.617,-35.913],[-0.5,-27.446]],"c":true}]},{"i":{"x":0.833,"y":0.833},"o":{"x":0.167,"y":0.167},"n":"0p833_0p833_0p167_0p167","t":15,"s":[{"i":[[0,0],[7.972,3.99],[3.476,2.237],[0,0],[-7.696,-2.788],[-3.11,-2.981]],"o":[[-3.182,-2.795],[-6.9,-3.499],[0,0],[3.262,-1.064],[7.335,2.924],[0,0]],"v":[[-0.5,39],[-24.059,29.356],[-34.622,20.481],[-34.673,-45.559],[-19.617,-35.913],[-0.5,-27.446]],"c":true}],"e":[{"i":[[0,0],[11.009,1.771],[5.125,-0.821],[0,0],[-10.714,-2.016],[-4.135,-2.572]],"o":[[-4.595,-2.678],[-9.569,-1.539],[0,0],[5.007,-0.941],[10.249,1.928],[0,0]],"v":[[-0.5,39],[-24.182,30.589],[-46.917,30.589],[-46.917,-35.857],[-22.288,-35.857],[-0.5,-27.446]],"c":true}]},{"t":17}],"ix":2},"nm":"Path 1","mn":"ADBE Vector Shape - Group","hd":false},{"ty":"fl","c":{"a":1,"k":[{"i":{"x":[0.833],"y":[0.833]},"o":{"x":[0.167],"y":[0.167]},"n":["0p833_0p833_0p167_0p167"],"t":4,"s":[1,1,1,1],"e":[0.929411768913,0.964705884457,0.988235294819,1]},{"i":{"x":[0.833],"y":[0.833]},"o":{"x":[0.167],"y":[0.167]},"n":["0p833_0p833_0p167_0p167"],"t":8,"s":[0.929411768913,0.964705884457,0.988235294819,1],"e":[0.929411768913,0.964705884457,0.988235294819,1]},{"i":{"x":[0.833],"y":[0.833]},"o":{"x":[0.167],"y":[0.167]},"n":["0p833_0p833_0p167_0p167"],"t":10,"s":[0.929411768913,0.964705884457,0.988235294819,1],"e":[0.356862745098,1,0.913725490196,1]},{"i":{"x":[0.833],"y":[0.833]},"o":{"x":[0.167],"y":[0.167]},"n":["0p833_0p833_0p167_0p167"],"t":13,"s":[0.356862745098,1,0.913725490196,1],"e":[1,1,1,1]},{"t":19}],"ix":4},"o":{"a":0,"k":100,"ix":5},"r":1,"nm":"Fill 1","mn":"ADBE Vector Graphic - Fill","hd":false},{"ty":"tr","p":{"a":0,"k":[0,0],"ix":2},"a":{"a":0,"k":[0,0],"ix":1},"s":{"a":0,"k":[100,100],"ix":3},"r":{"a":0,"k":0,"ix":6},"o":{"a":0,"k":100,"ix":7},"sk":{"a":0,"k":0,"ix":4},"sa":{"a":0,"k":0,"ix":5},"nm":"Transform"}],"nm":"Group 1","np":2,"cix":2,"ix":1,"mn":"ADBE Vector Group","hd":false}],"ip":4,"op":25,"st":-19,"bm":0},{"ddd":0,"ind":3,"ty":4,"nm":"turn_pink","sr":1,"ks":{"o":{"a":0,"k":90,"ix":11},"r":{"a":0,"k":0,"ix":10},"p":{"a":0,"k":[176.291,201,0],"ix":2},"a":{"a":0,"k":[-23.709,1,0],"ix":1},"s":{"a":0,"k":[100,100,100],"ix":6}},"ao":0,"shapes":[{"ty":"gr","it":[{"ind":0,"ty":"sh","ix":1,"ks":{"a":1,"k":[{"i":{"x":0.833,"y":0.833},"o":{"x":0.167,"y":0.167},"n":"0p833_0p833_0p167_0p167","t":1,"s":[{"i":[[0,0],[-11.984,1.525],[5.125,-0.821],[0,0],[12.454,-1.696],[7.667,-4.607]],"o":[[6,-3.553],[9.615,-1.223],[0,0],[-8.083,-1.863],[-12.284,1.673],[0,0]],"v":[[-0.5,39],[22.651,29.922],[45.583,31.422],[44.916,-36.523],[23.712,-37.19],[-0.5,-27.446]],"c":true}],"e":[{"i":[[0,0],[-11.984,1.525],[-12.249,-1.589],[0,0],[12.454,-1.696],[7.667,-4.607]],"o":[[6,-3.553],[9.615,-1.223],[0,0],[-8.083,-1.863],[-12.284,1.673],[0,0]],"v":[[-0.5,39],[19.151,26.256],[39.916,29.756],[44.916,-36.523],[23.712,-37.19],[-0.5,-27.446]],"c":true}]},{"i":{"x":0.833,"y":0.833},"o":{"x":0.167,"y":0.167},"n":"0p833_0p833_0p167_0p167","t":3,"s":[{"i":[[0,0],[-11.984,1.525],[-12.249,-1.589],[0,0],[12.454,-1.696],[7.667,-4.607]],"o":[[6,-3.553],[9.615,-1.223],[0,0],[-8.083,-1.863],[-12.284,1.673],[0,0]],"v":[[-0.5,39],[19.151,26.256],[39.916,29.756],[44.916,-36.523],[23.712,-37.19],[-0.5,-27.446]],"c":true}],"e":[{"i":[[0,0],[-9.157,-0.595],[-11.249,0.272],[0,0],[8.588,-2.821],[4.583,-4.713]],"o":[[4.587,-3.436],[8.01,-0.761],[0,0],[-10.838,-1.065],[-8.912,0.346],[0,0]],"v":[[-0.5,39],[16.323,25.761],[32.749,29.311],[32.672,-37.435],[15.412,-41.679],[-0.5,-27.446]],"c":true}]},{"i":{"x":0.833,"y":0.833},"o":{"x":0.167,"y":0.167},"n":"0p833_0p833_0p167_0p167","t":5,"s":[{"i":[[0,0],[-9.157,-0.595],[-11.249,0.272],[0,0],[8.588,-2.821],[4.583,-4.713]],"o":[[4.587,-3.436],[8.01,-0.761],[0,0],[-10.838,-1.065],[-8.912,0.346],[0,0]],"v":[[-0.5,39],[16.323,25.761],[32.749,29.311],[32.672,-37.435],[15.412,-41.679],[-0.5,-27.446]],"c":true}],"e":[{"i":[[0,0],[-6.329,2.233],[-8.416,0.758],[0,0],[7.221,-4.999],[1.5,-4.819]],"o":[[3.175,-3.32],[8.171,-2.6],[0,0],[-4.76,2.054],[-6.446,1.835],[0,0]],"v":[[-0.5,39],[9.162,22.767],[23.666,24.742],[23.844,-43.137],[6.279,-45.001],[-0.5,-27.446]],"c":true}]},{"i":{"x":0.833,"y":0.833},"o":{"x":0.167,"y":0.167},"n":"0p833_0p833_0p167_0p167","t":6,"s":[{"i":[[0,0],[-6.329,2.233],[-8.416,0.758],[0,0],[7.221,-4.999],[1.5,-4.819]],"o":[[3.175,-3.32],[8.171,-2.6],[0,0],[-4.76,2.054],[-6.446,1.835],[0,0]],"v":[[-0.5,39],[9.162,22.767],[23.666,24.742],[23.844,-43.137],[6.279,-45.001],[-0.5,-27.446]],"c":true}],"e":[{"i":[[0,0],[-0.623,5.564],[3.805,1.625],[0,0],[1.662,-5.182],[0.066,-4.247]],"o":[[1.197,-3.156],[0.21,-6.302],[0,0],[-2.149,-1.445],[-1.089,6.539],[0,0]],"v":[[-0.5,39],[-0.344,23.176],[3.219,14.169],[3.285,-52.812],[0.506,-42.789],[-0.5,-27.446]],"c":true}]},{"i":{"x":0.833,"y":0.833},"o":{"x":0.167,"y":0.167},"n":"0p833_0p833_0p167_0p167","t":7,"s":[{"i":[[0,0],[-0.623,5.564],[3.805,1.625],[0,0],[1.662,-5.182],[0.066,-4.247]],"o":[[1.197,-3.156],[0.21,-6.302],[0,0],[-2.149,-1.445],[-1.089,6.539],[0,0]],"v":[[-0.5,39],[-0.344,23.176],[3.219,14.169],[3.285,-52.812],[0.506,-42.789],[-0.5,-27.446]],"c":true}],"e":[{"i":[[0,0],[0.393,5.895],[0.713,4.43],[0,0],[-0.451,-4.642],[-0.651,-3.961]],"o":[[0.208,-3.075],[-0.403,-6.048],[0,0],[-0.927,-1.359],[0.747,5.665],[0,0]],"v":[[-0.5,39],[-5.263,23.548],[-5.296,12.903],[-5.286,-53.629],[-3.867,-42.071],[-0.5,-27.446]],"c":true}]},{"i":{"x":0.833,"y":0.833},"o":{"x":0.167,"y":0.167},"n":"0p833_0p833_0p167_0p167","t":8,"s":[{"i":[[0,0],[0.393,5.895],[0.713,4.43],[0,0],[-0.451,-4.642],[-0.651,-3.961]],"o":[[0.208,-3.075],[-0.403,-6.048],[0,0],[-0.927,-1.359],[0.747,5.665],[0,0]],"v":[[-0.5,39],[-5.263,23.548],[-5.296,12.903],[-5.286,-53.629],[-3.867,-42.071],[-0.5,-27.446]],"c":true}],"e":[{"i":[[0,0],[2.665,6.052],[1.27,4.862],[0,0],[-2.564,-4.101],[-1.369,-3.675]],"o":[[-0.781,-2.993],[-2.317,-5.753],[0,0],[0.295,-1.273],[2.406,5.521],[0,0]],"v":[[-0.5,39],[-10.183,23.919],[-13.811,11.638],[-13.857,-54.445],[-10.073,-39.187],[-0.5,-27.446]],"c":true}]},{"i":{"x":0.833,"y":0.833},"o":{"x":0.167,"y":0.167},"n":"0p833_0p833_0p167_0p167","t":9,"s":[{"i":[[0,0],[2.665,6.052],[1.27,4.862],[0,0],[-2.564,-4.101],[-1.369,-3.675]],"o":[[-0.781,-2.993],[-2.317,-5.753],[0,0],[0.295,-1.273],[2.406,5.521],[0,0]],"v":[[-0.5,39],[-10.183,23.919],[-13.811,11.638],[-13.857,-54.445],[-10.073,-39.187],[-0.5,-27.446]],"c":true}],"e":[{"i":[[0,0],[4.936,6.209],[1.826,5.295],[0,0],[-5.138,-4.28],[-2.086,-3.389]],"o":[[-1.77,-2.911],[-4.231,-5.458],[0,0],[1.517,-1.187],[4.421,3.919],[0,0]],"v":[[-0.5,39],[-15.102,24.29],[-22.326,10.372],[-22.428,-55.262],[-15.445,-40.137],[-0.5,-27.446]],"c":true}]},{"i":{"x":0.833,"y":0.833},"o":{"x":0.167,"y":0.167},"n":"0p833_0p833_0p167_0p167","t":10,"s":[{"i":[[0,0],[4.936,6.209],[1.826,5.295],[0,0],[-5.138,-4.28],[-2.086,-3.389]],"o":[[-1.77,-2.911],[-4.231,-5.458],[0,0],[1.517,-1.187],[4.421,3.919],[0,0]],"v":[[-0.5,39],[-15.102,24.29],[-22.326,10.372],[-22.428,-55.262],[-15.445,-40.137],[-0.5,-27.446]],"c":true}],"e":[{"i":[[0,0],[7.972,3.99],[3.476,2.237],[0,0],[-7.696,-2.788],[-3.11,-2.981]],"o":[[-3.182,-2.795],[-6.9,-3.499],[0,0],[3.262,-1.064],[7.335,2.924],[0,0]],"v":[[-0.5,39],[-24.059,29.356],[-34.622,20.481],[-34.673,-45.559],[-19.617,-35.913],[-0.5,-27.446]],"c":true}]},{"i":{"x":0.833,"y":0.833},"o":{"x":0.167,"y":0.167},"n":"0p833_0p833_0p167_0p167","t":12,"s":[{"i":[[0,0],[7.972,3.99],[3.476,2.237],[0,0],[-7.696,-2.788],[-3.11,-2.981]],"o":[[-3.182,-2.795],[-6.9,-3.499],[0,0],[3.262,-1.064],[7.335,2.924],[0,0]],"v":[[-0.5,39],[-24.059,29.356],[-34.622,20.481],[-34.673,-45.559],[-19.617,-35.913],[-0.5,-27.446]],"c":true}],"e":[{"i":[[0,0],[11.009,1.771],[5.125,-0.821],[0,0],[-10.714,-2.016],[-4.135,-2.572]],"o":[[-4.595,-2.678],[-9.569,-1.539],[0,0],[5.007,-0.941],[10.249,1.928],[0,0]],"v":[[-0.5,39],[-24.182,30.589],[-46.917,30.589],[-46.917,-35.857],[-22.288,-35.857],[-0.5,-27.446]],"c":true}]},{"t":14}],"ix":2},"nm":"Path 1","mn":"ADBE Vector Shape - Group","hd":false},{"ty":"fl","c":{"a":1,"k":[{"i":{"x":[0.833],"y":[0.833]},"o":{"x":[0.167],"y":[0.167]},"n":["0p833_0p833_0p167_0p167"],"t":1,"s":[1,1,1,1],"e":[0.929411768913,0.964705884457,0.988235294819,1]},{"i":{"x":[0.833],"y":[0.833]},"o":{"x":[0.167],"y":[0.167]},"n":["0p833_0p833_0p167_0p167"],"t":5,"s":[0.929411768913,0.964705884457,0.988235294819,1],"e":[0.929411768913,0.964705884457,0.988235294819,1]},{"i":{"x":[0.833],"y":[0.833]},"o":{"x":[0.167],"y":[0.167]},"n":["0p833_0p833_0p167_0p167"],"t":7,"s":[0.929411768913,0.964705884457,0.988235294819,1],"e":[1,0.36862745098,0.58431372549,1]},{"i":{"x":[0.833],"y":[0.833]},"o":{"x":[0.167],"y":[0.167]},"n":["0p833_0p833_0p167_0p167"],"t":10,"s":[1,0.36862745098,0.58431372549,1],"e":[1,1,1,1]},{"t":16}],"ix":4},"o":{"a":0,"k":100,"ix":5},"r":1,"nm":"Fill 1","mn":"ADBE Vector Graphic - Fill","hd":false},{"ty":"tr","p":{"a":0,"k":[0,0],"ix":2},"a":{"a":0,"k":[0,0],"ix":1},"s":{"a":0,"k":[100,100],"ix":3},"r":{"a":0,"k":0,"ix":6},"o":{"a":0,"k":100,"ix":7},"sk":{"a":0,"k":0,"ix":4},"sa":{"a":0,"k":0,"ix":5},"nm":"Transform"}],"nm":"Group 1","np":2,"cix":2,"ix":1,"mn":"ADBE Vector Group","hd":false}],"ip":0,"op":25,"st":-22,"bm":0},{"ddd":0,"ind":4,"ty":4,"nm":"turn_cyan 3","sr":1,"ks":{"o":{"a":0,"k":90,"ix":11},"r":{"a":0,"k":0,"ix":10},"p":{"a":0,"k":[176.291,201,0],"ix":2},"a":{"a":0,"k":[-23.709,1,0],"ix":1},"s":{"a":0,"k":[100,100,100],"ix":6}},"ao":0,"shapes":[{"ty":"gr","it":[{"ind":0,"ty":"sh","ix":1,"ks":{"a":1,"k":[{"i":{"x":0.833,"y":0.833},"o":{"x":0.167,"y":0.167},"n":"0p833_0p833_0p167_0p167","t":3,"s":[{"i":[[0,0],[-11.984,1.525],[5.125,-0.821],[0,0],[12.454,-1.696],[7.667,-4.607]],"o":[[6,-3.553],[9.615,-1.223],[0,0],[-8.083,-1.863],[-12.284,1.673],[0,0]],"v":[[-0.5,39],[22.651,29.922],[45.583,31.422],[44.916,-36.523],[23.712,-37.19],[-0.5,-27.446]],"c":true}],"e":[{"i":[[0,0],[-11.984,1.525],[-12.249,-1.589],[0,0],[12.454,-1.696],[7.667,-4.607]],"o":[[6,-3.553],[9.615,-1.223],[0,0],[-8.083,-1.863],[-12.284,1.673],[0,0]],"v":[[-0.5,39],[19.151,26.256],[39.916,29.756],[44.916,-36.523],[23.712,-37.19],[-0.5,-27.446]],"c":true}]},{"i":{"x":0.833,"y":0.833},"o":{"x":0.167,"y":0.167},"n":"0p833_0p833_0p167_0p167","t":5,"s":[{"i":[[0,0],[-11.984,1.525],[-12.249,-1.589],[0,0],[12.454,-1.696],[7.667,-4.607]],"o":[[6,-3.553],[9.615,-1.223],[0,0],[-8.083,-1.863],[-12.284,1.673],[0,0]],"v":[[-0.5,39],[19.151,26.256],[39.916,29.756],[44.916,-36.523],[23.712,-37.19],[-0.5,-27.446]],"c":true}],"e":[{"i":[[0,0],[-9.157,-0.595],[-11.249,0.272],[0,0],[8.588,-2.821],[4.583,-4.713]],"o":[[4.587,-3.436],[8.01,-0.761],[0,0],[-10.838,-1.065],[-8.912,0.346],[0,0]],"v":[[-0.5,39],[16.323,25.761],[32.749,29.311],[32.672,-37.435],[15.412,-41.679],[-0.5,-27.446]],"c":true}]},{"i":{"x":0.833,"y":0.833},"o":{"x":0.167,"y":0.167},"n":"0p833_0p833_0p167_0p167","t":7,"s":[{"i":[[0,0],[-9.157,-0.595],[-11.249,0.272],[0,0],[8.588,-2.821],[4.583,-4.713]],"o":[[4.587,-3.436],[8.01,-0.761],[0,0],[-10.838,-1.065],[-8.912,0.346],[0,0]],"v":[[-0.5,39],[16.323,25.761],[32.749,29.311],[32.672,-37.435],[15.412,-41.679],[-0.5,-27.446]],"c":true}],"e":[{"i":[[0,0],[-6.329,2.233],[-8.416,0.758],[0,0],[7.221,-4.999],[1.5,-4.819]],"o":[[3.175,-3.32],[8.171,-2.6],[0,0],[-4.76,2.054],[-6.446,1.835],[0,0]],"v":[[-0.5,39],[9.162,22.767],[23.666,24.742],[23.844,-43.137],[6.279,-45.001],[-0.5,-27.446]],"c":true}]},{"i":{"x":0.833,"y":0.833},"o":{"x":0.167,"y":0.167},"n":"0p833_0p833_0p167_0p167","t":8,"s":[{"i":[[0,0],[-6.329,2.233],[-8.416,0.758],[0,0],[7.221,-4.999],[1.5,-4.819]],"o":[[3.175,-3.32],[8.171,-2.6],[0,0],[-4.76,2.054],[-6.446,1.835],[0,0]],"v":[[-0.5,39],[9.162,22.767],[23.666,24.742],[23.844,-43.137],[6.279,-45.001],[-0.5,-27.446]],"c":true}],"e":[{"i":[[0,0],[-0.623,5.564],[3.805,1.625],[0,0],[1.662,-5.182],[0.066,-4.247]],"o":[[1.197,-3.156],[0.21,-6.302],[0,0],[-2.149,-1.445],[-1.089,6.539],[0,0]],"v":[[-0.5,39],[-0.344,23.176],[3.219,14.169],[3.285,-52.812],[0.506,-42.789],[-0.5,-27.446]],"c":true}]},{"i":{"x":0.833,"y":0.833},"o":{"x":0.167,"y":0.167},"n":"0p833_0p833_0p167_0p167","t":9,"s":[{"i":[[0,0],[-0.623,5.564],[3.805,1.625],[0,0],[1.662,-5.182],[0.066,-4.247]],"o":[[1.197,-3.156],[0.21,-6.302],[0,0],[-2.149,-1.445],[-1.089,6.539],[0,0]],"v":[[-0.5,39],[-0.344,23.176],[3.219,14.169],[3.285,-52.812],[0.506,-42.789],[-0.5,-27.446]],"c":true}],"e":[{"i":[[0,0],[0.393,5.895],[0.713,4.43],[0,0],[-0.451,-4.642],[-0.651,-3.961]],"o":[[0.208,-3.075],[-0.403,-6.048],[0,0],[-0.927,-1.359],[0.747,5.665],[0,0]],"v":[[-0.5,39],[-5.263,23.548],[-5.296,12.903],[-5.286,-53.629],[-3.867,-42.071],[-0.5,-27.446]],"c":true}]},{"i":{"x":0.833,"y":0.833},"o":{"x":0.167,"y":0.167},"n":"0p833_0p833_0p167_0p167","t":10,"s":[{"i":[[0,0],[0.393,5.895],[0.713,4.43],[0,0],[-0.451,-4.642],[-0.651,-3.961]],"o":[[0.208,-3.075],[-0.403,-6.048],[0,0],[-0.927,-1.359],[0.747,5.665],[0,0]],"v":[[-0.5,39],[-5.263,23.548],[-5.296,12.903],[-5.286,-53.629],[-3.867,-42.071],[-0.5,-27.446]],"c":true}],"e":[{"i":[[0,0],[2.665,6.052],[1.27,4.862],[0,0],[-2.564,-4.101],[-1.369,-3.675]],"o":[[-0.781,-2.993],[-2.317,-5.753],[0,0],[0.295,-1.273],[2.406,5.521],[0,0]],"v":[[-0.5,39],[-10.183,23.919],[-13.811,11.638],[-13.857,-54.445],[-10.073,-39.187],[-0.5,-27.446]],"c":true}]},{"i":{"x":0.833,"y":0.833},"o":{"x":0.167,"y":0.167},"n":"0p833_0p833_0p167_0p167","t":11,"s":[{"i":[[0,0],[2.665,6.052],[1.27,4.862],[0,0],[-2.564,-4.101],[-1.369,-3.675]],"o":[[-0.781,-2.993],[-2.317,-5.753],[0,0],[0.295,-1.273],[2.406,5.521],[0,0]],"v":[[-0.5,39],[-10.183,23.919],[-13.811,11.638],[-13.857,-54.445],[-10.073,-39.187],[-0.5,-27.446]],"c":true}],"e":[{"i":[[0,0],[4.936,6.209],[1.826,5.295],[0,0],[-5.138,-4.28],[-2.086,-3.389]],"o":[[-1.77,-2.911],[-4.231,-5.458],[0,0],[1.517,-1.187],[4.421,3.919],[0,0]],"v":[[-0.5,39],[-15.102,24.29],[-22.326,10.372],[-22.428,-55.262],[-15.445,-40.137],[-0.5,-27.446]],"c":true}]},{"i":{"x":0.833,"y":0.833},"o":{"x":0.167,"y":0.167},"n":"0p833_0p833_0p167_0p167","t":12,"s":[{"i":[[0,0],[4.936,6.209],[1.826,5.295],[0,0],[-5.138,-4.28],[-2.086,-3.389]],"o":[[-1.77,-2.911],[-4.231,-5.458],[0,0],[1.517,-1.187],[4.421,3.919],[0,0]],"v":[[-0.5,39],[-15.102,24.29],[-22.326,10.372],[-22.428,-55.262],[-15.445,-40.137],[-0.5,-27.446]],"c":true}],"e":[{"i":[[0,0],[7.972,3.99],[3.476,2.237],[0,0],[-7.696,-2.788],[-3.11,-2.981]],"o":[[-3.182,-2.795],[-6.9,-3.499],[0,0],[3.262,-1.064],[7.335,2.924],[0,0]],"v":[[-0.5,39],[-24.059,29.356],[-34.622,20.481],[-34.673,-45.559],[-19.617,-35.913],[-0.5,-27.446]],"c":true}]},{"i":{"x":0.833,"y":0.833},"o":{"x":0.167,"y":0.167},"n":"0p833_0p833_0p167_0p167","t":14,"s":[{"i":[[0,0],[7.972,3.99],[3.476,2.237],[0,0],[-7.696,-2.788],[-3.11,-2.981]],"o":[[-3.182,-2.795],[-6.9,-3.499],[0,0],[3.262,-1.064],[7.335,2.924],[0,0]],"v":[[-0.5,39],[-24.059,29.356],[-34.622,20.481],[-34.673,-45.559],[-19.617,-35.913],[-0.5,-27.446]],"c":true}],"e":[{"i":[[0,0],[11.009,1.771],[5.125,-0.821],[0,0],[-10.714,-2.016],[-4.135,-2.572]],"o":[[-4.595,-2.678],[-9.569,-1.539],[0,0],[5.007,-0.941],[10.249,1.928],[0,0]],"v":[[-0.5,39],[-24.182,30.589],[-46.917,30.589],[-46.917,-35.857],[-22.288,-35.857],[-0.5,-27.446]],"c":true}]},{"t":16}],"ix":2},"nm":"Path 1","mn":"ADBE Vector Shape - Group","hd":false},{"ty":"fl","c":{"a":1,"k":[{"i":{"x":[0.833],"y":[0.833]},"o":{"x":[0.167],"y":[0.167]},"n":["0p833_0p833_0p167_0p167"],"t":5,"s":[1,1,1,1],"e":[0.929411768913,0.964705884457,0.988235294819,1]},{"i":{"x":[0.833],"y":[0.833]},"o":{"x":[0.167],"y":[0.167]},"n":["0p833_0p833_0p167_0p167"],"t":9,"s":[0.929411768913,0.964705884457,0.988235294819,1],"e":[0.356862745098,1,0.913725490196,1]},{"i":{"x":[0.833],"y":[0.833]},"o":{"x":[0.167],"y":[0.167]},"n":["0p833_0p833_0p167_0p167"],"t":12,"s":[0.356862745098,1,0.913725490196,1],"e":[1,1,1,1]},{"t":18}],"ix":4},"o":{"a":0,"k":100,"ix":5},"r":1,"nm":"Fill 1","mn":"ADBE Vector Graphic - Fill","hd":false},{"ty":"tr","p":{"a":0,"k":[0,0],"ix":2},"a":{"a":0,"k":[0,0],"ix":1},"s":{"a":0,"k":[100,100],"ix":3},"r":{"a":0,"k":0,"ix":6},"o":{"a":0,"k":100,"ix":7},"sk":{"a":0,"k":0,"ix":4},"sa":{"a":0,"k":0,"ix":5},"nm":"Transform"}],"nm":"Group 1","np":2,"cix":2,"ix":1,"mn":"ADBE Vector Group","hd":false}],"ip":3,"op":24,"st":-20,"bm":0},{"ddd":0,"ind":5,"ty":4,"nm":"turn_white 2","sr":1,"ks":{"o":{"a":0,"k":100,"ix":11},"r":{"a":0,"k":0,"ix":10},"p":{"a":0,"k":[176.291,201,0],"ix":2},"a":{"a":0,"k":[-23.709,1,0],"ix":1},"s":{"a":0,"k":[100,100,100],"ix":6}},"ao":0,"shapes":[{"ty":"gr","it":[{"ind":0,"ty":"sh","ix":1,"ks":{"a":1,"k":[{"i":{"x":0.833,"y":0.833},"o":{"x":0.167,"y":0.167},"n":"0p833_0p833_0p167_0p167","t":8,"s":[{"i":[[0,0],[-11.984,1.525],[5.125,-0.821],[0,0],[12.454,-1.696],[7.667,-4.607]],"o":[[6,-3.553],[9.615,-1.223],[0,0],[-8.083,-1.863],[-12.284,1.673],[0,0]],"v":[[-0.5,39],[22.651,29.922],[45.583,31.422],[44.916,-36.523],[23.712,-37.19],[-0.5,-27.446]],"c":true}],"e":[{"i":[[0,0],[-11.984,1.525],[-12.249,-1.589],[0,0],[12.454,-1.696],[7.667,-4.607]],"o":[[6,-3.553],[9.615,-1.223],[0,0],[-8.083,-1.863],[-12.284,1.673],[0,0]],"v":[[-0.5,39],[19.151,26.256],[39.916,29.756],[44.916,-36.523],[23.712,-37.19],[-0.5,-27.446]],"c":true}]},{"i":{"x":0.833,"y":0.833},"o":{"x":0.167,"y":0.167},"n":"0p833_0p833_0p167_0p167","t":10,"s":[{"i":[[0,0],[-11.984,1.525],[-12.249,-1.589],[0,0],[12.454,-1.696],[7.667,-4.607]],"o":[[6,-3.553],[9.615,-1.223],[0,0],[-8.083,-1.863],[-12.284,1.673],[0,0]],"v":[[-0.5,39],[19.151,26.256],[39.916,29.756],[44.916,-36.523],[23.712,-37.19],[-0.5,-27.446]],"c":true}],"e":[{"i":[[0,0],[-9.157,-0.595],[-11.249,0.272],[0,0],[8.588,-2.821],[4.583,-4.713]],"o":[[4.587,-3.436],[8.01,-0.761],[0,0],[-10.838,-1.065],[-8.912,0.346],[0,0]],"v":[[-0.5,39],[16.323,25.761],[32.749,29.311],[32.672,-37.435],[15.412,-41.679],[-0.5,-27.446]],"c":true}]},{"i":{"x":0.833,"y":0.833},"o":{"x":0.167,"y":0.167},"n":"0p833_0p833_0p167_0p167","t":12,"s":[{"i":[[0,0],[-9.157,-0.595],[-11.249,0.272],[0,0],[8.588,-2.821],[4.583,-4.713]],"o":[[4.587,-3.436],[8.01,-0.761],[0,0],[-10.838,-1.065],[-8.912,0.346],[0,0]],"v":[[-0.5,39],[16.323,25.761],[32.749,29.311],[32.672,-37.435],[15.412,-41.679],[-0.5,-27.446]],"c":true}],"e":[{"i":[[0,0],[-6.329,2.233],[-8.416,0.758],[0,0],[7.221,-4.999],[1.5,-4.819]],"o":[[3.175,-3.32],[8.171,-2.6],[0,0],[-4.76,2.054],[-6.446,1.835],[0,0]],"v":[[-0.5,39],[9.162,22.767],[23.666,24.742],[23.844,-43.137],[6.279,-45.001],[-0.5,-27.446]],"c":true}]},{"i":{"x":0.833,"y":0.833},"o":{"x":0.167,"y":0.167},"n":"0p833_0p833_0p167_0p167","t":13,"s":[{"i":[[0,0],[-6.329,2.233],[-8.416,0.758],[0,0],[7.221,-4.999],[1.5,-4.819]],"o":[[3.175,-3.32],[8.171,-2.6],[0,0],[-4.76,2.054],[-6.446,1.835],[0,0]],"v":[[-0.5,39],[9.162,22.767],[23.666,24.742],[23.844,-43.137],[6.279,-45.001],[-0.5,-27.446]],"c":true}],"e":[{"i":[[0,0],[-0.623,5.564],[3.805,1.625],[0,0],[1.662,-5.182],[0.066,-4.247]],"o":[[1.197,-3.156],[0.21,-6.302],[0,0],[-2.149,-1.445],[-1.089,6.539],[0,0]],"v":[[-0.5,39],[-0.344,23.176],[3.219,14.169],[3.285,-52.812],[0.506,-42.789],[-0.5,-27.446]],"c":true}]},{"i":{"x":0.833,"y":0.833},"o":{"x":0.167,"y":0.167},"n":"0p833_0p833_0p167_0p167","t":14,"s":[{"i":[[0,0],[-0.623,5.564],[3.805,1.625],[0,0],[1.662,-5.182],[0.066,-4.247]],"o":[[1.197,-3.156],[0.21,-6.302],[0,0],[-2.149,-1.445],[-1.089,6.539],[0,0]],"v":[[-0.5,39],[-0.344,23.176],[3.219,14.169],[3.285,-52.812],[0.506,-42.789],[-0.5,-27.446]],"c":true}],"e":[{"i":[[0,0],[0.393,5.895],[0.713,4.43],[0,0],[-0.451,-4.642],[-0.651,-3.961]],"o":[[0.208,-3.075],[-0.403,-6.048],[0,0],[-0.927,-1.359],[0.747,5.665],[0,0]],"v":[[-0.5,39],[-5.263,23.548],[-5.296,12.903],[-5.286,-53.629],[-3.867,-42.071],[-0.5,-27.446]],"c":true}]},{"i":{"x":0.833,"y":0.833},"o":{"x":0.167,"y":0.167},"n":"0p833_0p833_0p167_0p167","t":15,"s":[{"i":[[0,0],[0.393,5.895],[0.713,4.43],[0,0],[-0.451,-4.642],[-0.651,-3.961]],"o":[[0.208,-3.075],[-0.403,-6.048],[0,0],[-0.927,-1.359],[0.747,5.665],[0,0]],"v":[[-0.5,39],[-5.263,23.548],[-5.296,12.903],[-5.286,-53.629],[-3.867,-42.071],[-0.5,-27.446]],"c":true}],"e":[{"i":[[0,0],[2.665,6.052],[1.27,4.862],[0,0],[-2.564,-4.101],[-1.369,-3.675]],"o":[[-0.781,-2.993],[-2.317,-5.753],[0,0],[0.295,-1.273],[2.406,5.521],[0,0]],"v":[[-0.5,39],[-10.183,23.919],[-13.811,11.638],[-13.857,-54.445],[-10.073,-39.187],[-0.5,-27.446]],"c":true}]},{"i":{"x":0.833,"y":0.833},"o":{"x":0.167,"y":0.167},"n":"0p833_0p833_0p167_0p167","t":16,"s":[{"i":[[0,0],[2.665,6.052],[1.27,4.862],[0,0],[-2.564,-4.101],[-1.369,-3.675]],"o":[[-0.781,-2.993],[-2.317,-5.753],[0,0],[0.295,-1.273],[2.406,5.521],[0,0]],"v":[[-0.5,39],[-10.183,23.919],[-13.811,11.638],[-13.857,-54.445],[-10.073,-39.187],[-0.5,-27.446]],"c":true}],"e":[{"i":[[0,0],[4.936,6.209],[1.826,5.295],[0,0],[-5.138,-4.28],[-2.086,-3.389]],"o":[[-1.77,-2.911],[-4.231,-5.458],[0,0],[1.517,-1.187],[4.421,3.919],[0,0]],"v":[[-0.5,39],[-15.102,24.29],[-22.326,10.372],[-22.428,-55.262],[-15.445,-40.137],[-0.5,-27.446]],"c":true}]},{"i":{"x":0.833,"y":0.833},"o":{"x":0.167,"y":0.167},"n":"0p833_0p833_0p167_0p167","t":17,"s":[{"i":[[0,0],[4.936,6.209],[1.826,5.295],[0,0],[-5.138,-4.28],[-2.086,-3.389]],"o":[[-1.77,-2.911],[-4.231,-5.458],[0,0],[1.517,-1.187],[4.421,3.919],[0,0]],"v":[[-0.5,39],[-15.102,24.29],[-22.326,10.372],[-22.428,-55.262],[-15.445,-40.137],[-0.5,-27.446]],"c":true}],"e":[{"i":[[0,0],[7.972,3.99],[3.476,2.237],[0,0],[-7.696,-2.788],[-3.11,-2.981]],"o":[[-3.182,-2.795],[-6.9,-3.499],[0,0],[3.262,-1.064],[7.335,2.924],[0,0]],"v":[[-0.5,39],[-24.059,29.356],[-34.622,20.481],[-34.673,-45.559],[-19.617,-35.913],[-0.5,-27.446]],"c":true}]},{"i":{"x":0.833,"y":0.833},"o":{"x":0.167,"y":0.167},"n":"0p833_0p833_0p167_0p167","t":19,"s":[{"i":[[0,0],[7.972,3.99],[3.476,2.237],[0,0],[-7.696,-2.788],[-3.11,-2.981]],"o":[[-3.182,-2.795],[-6.9,-3.499],[0,0],[3.262,-1.064],[7.335,2.924],[0,0]],"v":[[-0.5,39],[-24.059,29.356],[-34.622,20.481],[-34.673,-45.559],[-19.617,-35.913],[-0.5,-27.446]],"c":true}],"e":[{"i":[[0,0],[11.009,1.771],[5.125,-0.821],[0,0],[-10.714,-2.016],[-4.135,-2.572]],"o":[[-4.595,-2.678],[-9.569,-1.539],[0,0],[5.007,-0.941],[10.249,1.928],[0,0]],"v":[[-0.5,39],[-24.182,30.589],[-46.917,30.589],[-46.917,-35.857],[-22.288,-35.857],[-0.5,-27.446]],"c":true}]},{"t":21}],"ix":2},"nm":"Path 1","mn":"ADBE Vector Shape - Group","hd":false},{"ty":"fl","c":{"a":0,"k":[1,1,1,1],"ix":4},"o":{"a":0,"k":100,"ix":5},"r":1,"nm":"Fill 1","mn":"ADBE Vector Graphic - Fill","hd":false},{"ty":"fl","c":{"a":0,"k":[1,1,1,1],"ix":4},"o":{"a":0,"k":100,"ix":5},"r":1,"nm":"Fill 2","mn":"ADBE Vector Graphic - Fill","hd":false},{"ty":"tr","p":{"a":0,"k":[0,0],"ix":2},"a":{"a":0,"k":[0,0],"ix":1},"s":{"a":0,"k":[100,100],"ix":3},"r":{"a":0,"k":0,"ix":6},"o":{"a":0,"k":100,"ix":7},"sk":{"a":0,"k":0,"ix":4},"sa":{"a":0,"k":0,"ix":5},"nm":"Transform"}],"nm":"Group 1","np":3,"cix":2,"ix":1,"mn":"ADBE Vector Group","hd":false}],"ip":12,"op":13,"st":-15,"bm":0}]}],"layers":[{"ddd":0,"ind":1,"ty":0,"nm":"trumpet_particle","parent":13,"refId":"comp_0","sr":1,"ks":{"o":{"a":0,"k":100,"ix":11},"r":{"a":0,"k":0,"ix":10},"p":{"a":0,"k":[0,-32.188,0],"ix":2},"a":{"a":0,"k":[50,75,0],"ix":1},"s":{"a":0,"k":[100,100,100],"ix":6}},"ao":0,"w":100,"h":150,"ip":22,"op":79,"st":18,"bm":0},{"ddd":0,"ind":3,"ty":4,"nm":"middle_line","parent":13,"sr":1,"ks":{"o":{"a":0,"k":100,"ix":11},"r":{"a":0,"k":0,"ix":10},"p":{"a":1,"k":[{"i":{"x":0.833,"y":0.833},"o":{"x":0.167,"y":0.167},"n":"0p833_0p833_0p167_0p167","t":0,"s":[-1,5.5,0],"e":[-1,2.5,0],"to":[0,-0.5,0],"ti":[0,0,0]},{"i":{"x":0.833,"y":0.833},"o":{"x":0.167,"y":0.167},"n":"0p833_0p833_0p167_0p167","t":7,"s":[-1,2.5,0],"e":[-1,5.5,0],"to":[0,0,0],"ti":[0,-0.5,0]},{"t":15}],"ix":2},"a":{"a":0,"k":[-1,5.5,0],"ix":1},"s":{"a":1,"k":[{"i":{"x":[0.833,0.833,0.833],"y":[0.833,0.833,0.833]},"o":{"x":[0.167,0.167,0.167],"y":[0.167,0.167,0.167]},"n":["0p833_0p833_0p167_0p167","0p833_0p833_0p167_0p167","0p833_0p833_0p167_0p167"],"t":0,"s":[100,100,100],"e":[112,112,100]},{"i":{"x":[0.833,0.833,0.833],"y":[0.833,0.833,0.833]},"o":{"x":[0.167,0.167,0.167],"y":[0.167,0.167,0.167]},"n":["0p833_0p833_0p167_0p167","0p833_0p833_0p167_0p167","0p833_0p833_0p167_0p167"],"t":7,"s":[112,112,100],"e":[100,100,100]},{"t":15}],"ix":6}},"ao":0,"shapes":[{"ty":"gr","it":[{"ind":0,"ty":"sh","ix":1,"ks":{"a":0,"k":{"i":[[0,0],[0,0]],"o":[[0,0],[0,0]],"v":[[-1,-28],[-1,39]],"c":false},"ix":2},"nm":"Path 1","mn":"ADBE Vector Shape - Group","hd":false},{"ty":"st","c":{"a":0,"k":[0.776470601559,0.886274516582,0.960784316063,1],"ix":3},"o":{"a":0,"k":100,"ix":4},"w":{"a":0,"k":1,"ix":5},"lc":1,"lj":1,"ml":10,"nm":"Stroke 1","mn":"ADBE Vector Graphic - Stroke","hd":false},{"ty":"tr","p":{"a":0,"k":[0,0],"ix":2},"a":{"a":0,"k":[0,0],"ix":1},"s":{"a":0,"k":[100,100],"ix":3},"r":{"a":0,"k":0,"ix":6},"o":{"a":0,"k":100,"ix":7},"sk":{"a":0,"k":0,"ix":4},"sa":{"a":0,"k":0,"ix":5},"nm":"Transform"}],"nm":"Group 1","np":2,"cix":2,"ix":1,"mn":"ADBE Vector Group","hd":false}],"ip":0,"op":200,"st":0,"bm":0},{"ddd":0,"ind":4,"ty":0,"nm":"book_turn_pages","parent":13,"refId":"comp_1","sr":1,"ks":{"o":{"a":0,"k":100,"ix":11},"r":{"a":0,"k":0,"ix":10},"p":{"a":0,"k":[0,-0.188,0],"ix":2},"a":{"a":0,"k":[200,200,0],"ix":1},"s":{"a":0,"k":[100,100,100],"ix":6}},"ao":0,"w":400,"h":400,"ip":44,"op":69,"st":44,"bm":0},{"ddd":0,"ind":5,"ty":0,"nm":"book_turn_pages","parent":13,"refId":"comp_1","sr":1,"ks":{"o":{"a":0,"k":100,"ix":11},"r":{"a":0,"k":0,"ix":10},"p":{"a":0,"k":[0,-0.188,0],"ix":2},"a":{"a":0,"k":[200,200,0],"ix":1},"s":{"a":0,"k":[100,100,100],"ix":6}},"ao":0,"w":400,"h":400,"ip":29,"op":54,"st":29,"bm":0},{"ddd":0,"ind":6,"ty":4,"nm":"wpage_right","parent":13,"sr":1,"ks":{"o":{"a":0,"k":100,"ix":11},"r":{"a":0,"k":0,"ix":10},"p":{"a":0,"k":[22.709,1,0],"ix":2},"a":{"a":0,"k":[22.709,1,0],"ix":1},"s":{"a":0,"k":[100,100,100],"ix":6}},"ao":0,"shapes":[{"ty":"gr","it":[{"ind":0,"ty":"sh","ix":1,"ks":{"a":1,"k":[{"i":{"x":0.833,"y":0.833},"o":{"x":0.167,"y":0.167},"n":"0p833_0p833_0p167_0p167","t":0,"s":[{"i":[[0,0],[-11.009,1.771],[-5.125,-0.821],[0,0],[10.714,-2.016],[4.135,-2.572]],"o":[[4.595,-2.678],[9.569,-1.539],[0,0],[-5.007,-0.941],[-10.249,1.928],[0,0]],"v":[[-0.5,39],[23.182,30.589],[45.917,30.589],[45.917,-35.857],[21.288,-35.857],[-0.5,-27.446]],"c":true}],"e":[{"i":[[0,0],[-9.516,2.411],[-4.917,-1.256],[0,0],[10.714,-2.016],[4.135,-2.572]],"o":[[4.595,-2.678],[9.364,-2.373],[0,0],[-4.417,-2.81],[-10.249,1.928],[0,0]],"v":[[-0.5,39],[19.516,22.922],[29.751,23.422],[29.751,-41.357],[16.788,-44.523],[-0.5,-34.113]],"c":true}]},{"i":{"x":0.833,"y":0.833},"o":{"x":0.167,"y":0.167},"n":"0p833_0p833_0p167_0p167","t":7,"s":[{"i":[[0,0],[-9.516,2.411],[-4.917,-1.256],[0,0],[10.714,-2.016],[4.135,-2.572]],"o":[[4.595,-2.678],[9.364,-2.373],[0,0],[-4.417,-2.81],[-10.249,1.928],[0,0]],"v":[[-0.5,39],[19.516,22.922],[29.751,23.422],[29.751,-41.357],[16.788,-44.523],[-0.5,-34.113]],"c":true}],"e":[{"i":[[0,0],[-11.009,1.771],[-5.125,-0.821],[0,0],[10.714,-2.016],[4.135,-2.572]],"o":[[4.595,-2.678],[9.569,-1.539],[0,0],[-5.007,-0.941],[-10.249,1.928],[0,0]],"v":[[-0.5,39],[23.182,30.589],[45.917,30.589],[45.917,-35.857],[21.288,-35.857],[-0.5,-27.446]],"c":true}]},{"t":15}],"ix":2},"nm":"Path 1","mn":"ADBE Vector Shape - Group","hd":false},{"ty":"fl","c":{"a":0,"k":[1,1,1,1],"ix":4},"o":{"a":0,"k":100,"ix":5},"r":1,"nm":"Fill 1","mn":"ADBE Vector Graphic - Fill","hd":false},{"ty":"tr","p":{"a":0,"k":[0,0],"ix":2},"a":{"a":0,"k":[0,0],"ix":1},"s":{"a":0,"k":[100,100],"ix":3},"r":{"a":0,"k":0,"ix":6},"o":{"a":0,"k":100,"ix":7},"sk":{"a":0,"k":0,"ix":4},"sa":{"a":0,"k":0,"ix":5},"nm":"Transform"}],"nm":"Group 1","np":2,"cix":2,"ix":1,"mn":"ADBE Vector Group","hd":false}],"ip":0,"op":200,"st":0,"bm":0},{"ddd":0,"ind":7,"ty":4,"nm":"wpage_left","parent":13,"sr":1,"ks":{"o":{"a":0,"k":100,"ix":11},"r":{"a":0,"k":0,"ix":10},"p":{"a":0,"k":[-23.709,1,0],"ix":2},"a":{"a":0,"k":[-23.709,1,0],"ix":1},"s":{"a":0,"k":[100,100,100],"ix":6}},"ao":0,"shapes":[{"ty":"gr","it":[{"ind":0,"ty":"sh","ix":1,"ks":{"a":1,"k":[{"i":{"x":0.833,"y":0.833},"o":{"x":0.167,"y":0.167},"n":"0p833_0p833_0p167_0p167","t":0,"s":[{"i":[[0,0],[11.009,1.771],[5.125,-0.821],[0,0],[-10.714,-2.016],[-4.135,-2.572]],"o":[[-4.595,-2.678],[-9.569,-1.539],[0,0],[5.007,-0.941],[10.249,1.928],[0,0]],"v":[[-0.5,39],[-24.182,30.589],[-46.917,30.589],[-46.917,-35.857],[-22.288,-35.857],[-0.5,-27.446]],"c":true}],"e":[{"i":[[0,0],[9.182,4.744],[5.125,-0.821],[0,0],[-9.689,-4.999],[-4.135,-2.572]],"o":[[-4.595,-2.678],[-8.611,-4.449],[0,0],[5.007,-0.941],[8.121,4.19],[0,0]],"v":[[-0.5,39],[-16.849,24.089],[-29.084,19.922],[-29.584,-45.385],[-15.621,-44.552],[-0.5,-34.529]],"c":true}]},{"i":{"x":0.833,"y":0.833},"o":{"x":0.167,"y":0.167},"n":"0p833_0p833_0p167_0p167","t":7,"s":[{"i":[[0,0],[9.182,4.744],[5.125,-0.821],[0,0],[-9.689,-4.999],[-4.135,-2.572]],"o":[[-4.595,-2.678],[-8.611,-4.449],[0,0],[5.007,-0.941],[8.121,4.19],[0,0]],"v":[[-0.5,39],[-16.849,24.089],[-29.084,19.922],[-29.584,-45.385],[-15.621,-44.552],[-0.5,-34.529]],"c":true}],"e":[{"i":[[0,0],[11.009,1.771],[5.125,-0.821],[0,0],[-10.714,-2.016],[-4.135,-2.572]],"o":[[-4.595,-2.678],[-9.569,-1.539],[0,0],[5.007,-0.941],[10.249,1.928],[0,0]],"v":[[-0.5,39],[-24.182,30.589],[-46.917,30.589],[-46.917,-35.857],[-22.288,-35.857],[-0.5,-27.446]],"c":true}]},{"t":15}],"ix":2},"nm":"Path 1","mn":"ADBE Vector Shape - Group","hd":false},{"ty":"fl","c":{"a":0,"k":[1,1,1,1],"ix":4},"o":{"a":0,"k":100,"ix":5},"r":1,"nm":"Fill 1","mn":"ADBE Vector Graphic - Fill","hd":false},{"ty":"tr","p":{"a":0,"k":[0,0],"ix":2},"a":{"a":0,"k":[0,0],"ix":1},"s":{"a":0,"k":[100,100],"ix":3},"r":{"a":0,"k":0,"ix":6},"o":{"a":0,"k":100,"ix":7},"sk":{"a":0,"k":0,"ix":4},"sa":{"a":0,"k":0,"ix":5},"nm":"Transform"}],"nm":"Group 1","np":2,"cix":2,"ix":1,"mn":"ADBE Vector Group","hd":false}],"ip":0,"op":200,"st":0,"bm":0},{"ddd":0,"ind":8,"ty":4,"nm":"backpage_right","parent":13,"sr":1,"ks":{"o":{"a":0,"k":100,"ix":11},"r":{"a":0,"k":0,"ix":10},"p":{"a":0,"k":[22.709,1,0],"ix":2},"a":{"a":0,"k":[22.709,1,0],"ix":1},"s":{"a":0,"k":[100,100,100],"ix":6}},"ao":0,"shapes":[{"ty":"gr","it":[{"ind":0,"ty":"sh","ix":1,"ks":{"a":1,"k":[{"i":{"x":0.833,"y":0.833},"o":{"x":0.167,"y":0.167},"n":"0p833_0p833_0p167_0p167","t":0,"s":[{"i":[[0,0],[-11.009,1.771],[-5.125,-0.821],[0,0],[10.714,-2.016],[4.135,-2.572]],"o":[[4.595,-2.678],[9.569,-1.539],[0,0],[-5.007,-0.941],[-10.249,1.928],[0,0]],"v":[[-0.5,39],[23.182,30.589],[45.917,30.589],[45.917,-35.857],[21.288,-35.857],[-0.5,-27.446]],"c":true}],"e":[{"i":[[0,0],[-9.516,2.411],[-4.917,-1.256],[0,0],[10.714,-2.016],[4.135,-2.572]],"o":[[4.595,-2.678],[9.364,-2.373],[0,0],[-4.417,-2.81],[-10.249,1.928],[0,0]],"v":[[-0.5,39],[19.516,22.922],[29.751,23.422],[29.751,-41.357],[16.788,-44.523],[-0.5,-34.113]],"c":true}]},{"i":{"x":0.833,"y":0.833},"o":{"x":0.167,"y":0.167},"n":"0p833_0p833_0p167_0p167","t":7,"s":[{"i":[[0,0],[-9.516,2.411],[-4.917,-1.256],[0,0],[10.714,-2.016],[4.135,-2.572]],"o":[[4.595,-2.678],[9.364,-2.373],[0,0],[-4.417,-2.81],[-10.249,1.928],[0,0]],"v":[[-0.5,39],[19.516,22.922],[29.751,23.422],[29.751,-41.357],[16.788,-44.523],[-0.5,-34.113]],"c":true}],"e":[{"i":[[0,0],[-11.009,1.771],[-5.125,-0.821],[0,0],[10.714,-2.016],[4.135,-2.572]],"o":[[4.595,-2.678],[9.569,-1.539],[0,0],[-5.007,-0.941],[-10.249,1.928],[0,0]],"v":[[-0.5,39],[23.182,30.589],[45.917,30.589],[45.917,-35.857],[21.288,-35.857],[-0.5,-27.446]],"c":true}]},{"t":15}],"ix":2},"nm":"Path 1","mn":"ADBE Vector Shape - Group","hd":false},{"ty":"fl","c":{"a":0,"k":[0.890196078431,0.949019607843,0.988235294118,1],"ix":4},"o":{"a":0,"k":100,"ix":5},"r":1,"nm":"Fill 1","mn":"ADBE Vector Graphic - Fill","hd":false},{"ty":"tr","p":{"a":0,"k":[0,0],"ix":2},"a":{"a":0,"k":[0,0],"ix":1},"s":{"a":0,"k":[100,100],"ix":3},"r":{"a":0,"k":0,"ix":6},"o":{"a":0,"k":100,"ix":7},"sk":{"a":0,"k":0,"ix":4},"sa":{"a":0,"k":0,"ix":5},"nm":"Transform"}],"nm":"Group 1","np":2,"cix":2,"ix":1,"mn":"ADBE Vector Group","hd":false}],"ip":0,"op":200,"st":0,"bm":0},{"ddd":0,"ind":9,"ty":4,"nm":"backpages left","parent":13,"sr":1,"ks":{"o":{"a":0,"k":100,"ix":11},"r":{"a":0,"k":0,"ix":10},"p":{"a":0,"k":[-23.709,1,0],"ix":2},"a":{"a":0,"k":[-23.709,1,0],"ix":1},"s":{"a":0,"k":[100,100,100],"ix":6}},"ao":0,"shapes":[{"ty":"gr","it":[{"ind":0,"ty":"sh","ix":1,"ks":{"a":1,"k":[{"i":{"x":0.833,"y":0.833},"o":{"x":0.167,"y":0.167},"n":"0p833_0p833_0p167_0p167","t":0,"s":[{"i":[[0,0],[11.009,1.771],[5.125,-0.821],[0,0],[-10.714,-2.016],[-4.135,-2.572]],"o":[[-4.595,-2.678],[-9.569,-1.539],[0,0],[5.007,-0.941],[10.249,1.928],[0,0]],"v":[[-0.5,39],[-24.182,30.589],[-46.917,30.589],[-46.917,-35.857],[-22.288,-35.857],[-0.5,-27.446]],"c":true}],"e":[{"i":[[0,0],[9.182,4.744],[5.125,-0.821],[0,0],[-9.689,-4.999],[-4.135,-2.572]],"o":[[-4.595,-2.678],[-8.611,-4.449],[0,0],[5.007,-0.941],[8.121,4.19],[0,0]],"v":[[-0.5,39],[-16.849,24.089],[-29.084,19.922],[-29.584,-45.385],[-15.621,-44.552],[-0.5,-34.529]],"c":true}]},{"i":{"x":0.833,"y":0.833},"o":{"x":0.167,"y":0.167},"n":"0p833_0p833_0p167_0p167","t":7,"s":[{"i":[[0,0],[9.182,4.744],[5.125,-0.821],[0,0],[-9.689,-4.999],[-4.135,-2.572]],"o":[[-4.595,-2.678],[-8.611,-4.449],[0,0],[5.007,-0.941],[8.121,4.19],[0,0]],"v":[[-0.5,39],[-16.849,24.089],[-29.084,19.922],[-29.584,-45.385],[-15.621,-44.552],[-0.5,-34.529]],"c":true}],"e":[{"i":[[0,0],[11.009,1.771],[5.125,-0.821],[0,0],[-10.714,-2.016],[-4.135,-2.572]],"o":[[-4.595,-2.678],[-9.569,-1.539],[0,0],[5.007,-0.941],[10.249,1.928],[0,0]],"v":[[-0.5,39],[-24.182,30.589],[-46.917,30.589],[-46.917,-35.857],[-22.288,-35.857],[-0.5,-27.446]],"c":true}]},{"t":15}],"ix":2},"nm":"Path 1","mn":"ADBE Vector Shape - Group","hd":false},{"ty":"fl","c":{"a":0,"k":[0.890196078431,0.949019607843,0.988235294118,1],"ix":4},"o":{"a":0,"k":100,"ix":5},"r":1,"nm":"Fill 1","mn":"ADBE Vector Graphic - Fill","hd":false},{"ty":"tr","p":{"a":0,"k":[0,0],"ix":2},"a":{"a":0,"k":[0,0],"ix":1},"s":{"a":0,"k":[100,100],"ix":3},"r":{"a":0,"k":0,"ix":6},"o":{"a":0,"k":100,"ix":7},"sk":{"a":0,"k":0,"ix":4},"sa":{"a":0,"k":0,"ix":5},"nm":"Transform"}],"nm":"Group 1","np":2,"cix":2,"ix":1,"mn":"ADBE Vector Group","hd":false}],"ip":0,"op":200,"st":0,"bm":0},{"ddd":0,"ind":10,"ty":4,"nm":"side_right","parent":13,"sr":1,"ks":{"o":{"a":0,"k":100,"ix":11},"r":{"a":0,"k":0,"ix":10},"p":{"a":1,"k":[{"i":{"x":0.833,"y":0.833},"o":{"x":0.167,"y":0.167},"n":"0p833_0p833_0p167_0p167","t":0,"s":[51.127,1.992,0],"e":[35.127,-5.008,0],"to":[-2.66666674613953,-1.16666662693024,0],"ti":[0,0,0]},{"i":{"x":0.833,"y":0.833},"o":{"x":0.167,"y":0.167},"n":"0p833_0p833_0p167_0p167","t":7,"s":[35.127,-5.008,0],"e":[51.127,1.992,0],"to":[0,0,0],"ti":[-2.66666674613953,-1.16666662693024,0]},{"t":15}],"ix":2},"a":{"a":0,"k":[51.127,1.992,0],"ix":1},"s":{"a":0,"k":[100,100,100],"ix":6}},"ao":0,"shapes":[{"ty":"gr","it":[{"ind":0,"ty":"sh","ix":1,"ks":{"a":0,"k":{"i":[[0,0],[0,0],[0,0],[0,0]],"o":[[0,0],[0,0],[0,0],[0,0]],"v":[[45.917,-35.016],[56.337,-28.287],[56.337,39],[45.917,30.589]],"c":true},"ix":2},"nm":"Path 1","mn":"ADBE Vector Shape - Group","hd":false},{"ty":"fl","c":{"a":0,"k":[0.929411764706,0.964705882353,0.988235294118,1],"ix":4},"o":{"a":0,"k":100,"ix":5},"r":1,"nm":"Fill 1","mn":"ADBE Vector Graphic - Fill","hd":false},{"ty":"tr","p":{"a":0,"k":[0,0],"ix":2},"a":{"a":0,"k":[0,0],"ix":1},"s":{"a":0,"k":[100,100],"ix":3},"r":{"a":0,"k":0,"ix":6},"o":{"a":0,"k":100,"ix":7},"sk":{"a":0,"k":0,"ix":4},"sa":{"a":0,"k":0,"ix":5},"nm":"Transform"}],"nm":"Group 1","np":2,"cix":2,"ix":1,"mn":"ADBE Vector Group","hd":false}],"ip":0,"op":200,"st":0,"bm":0},{"ddd":0,"ind":11,"ty":4,"nm":"side_left","parent":13,"sr":1,"ks":{"o":{"a":0,"k":100,"ix":11},"r":{"a":0,"k":0,"ix":10},"p":{"a":1,"k":[{"i":{"x":0.833,"y":0.833},"o":{"x":0.167,"y":0.167},"n":"0p833_0p833_0p167_0p167","t":0,"s":[-52.5,3,0],"e":[-34.5,-7,0],"to":[3,-1.66666662693024,0],"ti":[0,0,0]},{"i":{"x":0.833,"y":0.833},"o":{"x":0.167,"y":0.167},"n":"0p833_0p833_0p167_0p167","t":7,"s":[-34.5,-7,0],"e":[-52.5,3,0],"to":[0,0,0],"ti":[3,-1.66666662693024,0]},{"t":15}],"ix":2},"a":{"a":0,"k":[-52.5,3,0],"ix":1},"s":{"a":0,"k":[100,100,100],"ix":6}},"ao":0,"shapes":[{"ty":"gr","it":[{"ind":0,"ty":"sh","ix":1,"ks":{"a":0,"k":{"i":[[0,0],[0,0],[0,0],[0,0]],"o":[[0,0],[0,0],[0,0],[0,0]],"v":[[-58,-27],[-47,-35],[-47,31],[-58,41]],"c":true},"ix":2},"nm":"Path 1","mn":"ADBE Vector Shape - Group","hd":false},{"ty":"fl","c":{"a":0,"k":[0.929411764706,0.964705882353,0.988235294118,1],"ix":4},"o":{"a":0,"k":100,"ix":5},"r":1,"nm":"Fill 1","mn":"ADBE Vector Graphic - Fill","hd":false},{"ty":"tr","p":{"a":0,"k":[0,0],"ix":2},"a":{"a":0,"k":[0,0],"ix":1},"s":{"a":0,"k":[100,100],"ix":3},"r":{"a":0,"k":0,"ix":6},"o":{"a":0,"k":100,"ix":7},"sk":{"a":0,"k":0,"ix":4},"sa":{"a":0,"k":0,"ix":5},"nm":"Transform"}],"nm":"Group 1","np":2,"cix":2,"ix":1,"mn":"ADBE Vector Group","hd":false}],"ip":0,"op":200,"st":0,"bm":0},{"ddd":0,"ind":12,"ty":4,"nm":"backpage","parent":13,"sr":1,"ks":{"o":{"a":0,"k":100,"ix":11},"r":{"a":0,"k":0,"ix":10},"p":{"a":0,"k":[-0.5,6.836,0],"ix":2},"a":{"a":0,"k":[-0.5,6.836,0],"ix":1},"s":{"a":0,"k":[100,100,100],"ix":6}},"ao":0,"shapes":[{"ty":"gr","it":[{"ind":0,"ty":"sh","ix":1,"ks":{"a":1,"k":[{"i":{"x":0.833,"y":0.833},"o":{"x":0.167,"y":0.167},"n":"0p833_0p833_0p167_0p167","t":0,"s":[{"i":[[0,0],[11.113,-0.042],[13.996,0.314],[13.816,0.031],[5.878,-1.395],[0,0],[0,0]],"o":[[-5.653,-0.909],[-15.423,0.058],[-14.788,-0.332],[-10.941,-0.024],[0,0],[0,0],[0,0]],"v":[[56.761,41],[31,39],[-1,41],[-32,38],[-57.761,41],[-57.761,-27.358],[56.761,-27.358]],"c":true}],"e":[{"i":[[0,0],[9.333,-5.833],[5.834,0.417],[14.667,5.333],[5.878,-1.395],[0,0],[0,0]],"o":[[-5.653,-0.909],[-13.079,8.174],[-7.399,-0.528],[-10.282,-3.739],[0,0],[0,0],[0,0]],"v":[[39.095,29.667],[20.5,33],[-1,43.333],[-21.833,32.833],[-40.261,29.5],[-41.095,-36.358],[39.261,-35.025]],"c":true}]},{"i":{"x":0.833,"y":0.833},"o":{"x":0.167,"y":0.167},"n":"0p833_0p833_0p167_0p167","t":7,"s":[{"i":[[0,0],[9.333,-5.833],[5.834,0.417],[14.667,5.333],[5.878,-1.395],[0,0],[0,0]],"o":[[-5.653,-0.909],[-13.079,8.174],[-7.399,-0.528],[-10.282,-3.739],[0,0],[0,0],[0,0]],"v":[[39.095,29.667],[20.5,33],[-1,43.333],[-21.833,32.833],[-40.261,29.5],[-41.095,-36.358],[39.261,-35.025]],"c":true}],"e":[{"i":[[0,0],[11.113,-0.042],[13.996,0.314],[13.816,0.031],[5.878,-1.395],[0,0],[0,0]],"o":[[-5.653,-0.909],[-15.423,0.058],[-14.788,-0.332],[-10.941,-0.024],[0,0],[0,0],[0,0]],"v":[[56.761,41],[31,39],[-1,41],[-32,38],[-57.761,41],[-57.761,-27.358],[56.761,-27.358]],"c":true}]},{"t":15}],"ix":2},"nm":"Path 1","mn":"ADBE Vector Shape - Group","hd":false},{"ty":"fl","c":{"a":0,"k":[0.890196084976,0.949019610882,0.988235294819,1],"ix":4},"o":{"a":0,"k":100,"ix":5},"r":1,"nm":"Fill 1","mn":"ADBE Vector Graphic - Fill","hd":false},{"ty":"tr","p":{"a":0,"k":[0,0],"ix":2},"a":{"a":0,"k":[0,0],"ix":1},"s":{"a":0,"k":[100,100],"ix":3},"r":{"a":0,"k":0,"ix":6},"o":{"a":0,"k":100,"ix":7},"sk":{"a":0,"k":0,"ix":4},"sa":{"a":0,"k":0,"ix":5},"nm":"Transform"}],"nm":"Group 1","np":2,"cix":2,"ix":1,"mn":"ADBE Vector Group","hd":false}],"ip":0,"op":200,"st":0,"bm":0},{"ddd":0,"ind":13,"ty":4,"nm":"cover","sr":1,"ks":{"o":{"a":0,"k":100,"ix":11},"r":{"a":0,"k":0,"ix":10},"p":{"a":1,"k":[{"i":{"x":0.833,"y":0.833},"o":{"x":0.167,"y":0.167},"n":"0p833_0p833_0p167_0p167","t":20,"s":[200,238.978,0],"e":[200,237,0],"to":[0,-0.06978402286768,0],"ti":[0,0,0]},{"i":{"x":0.833,"y":0.833},"o":{"x":0.167,"y":0.167},"n":"0p833_0p833_0p167_0p167","t":24,"s":[200,237,0],"e":[200,244,0],"to":[0,0,0],"ti":[0,0,0]},{"i":{"x":0.588,"y":1},"o":{"x":0.167,"y":0.167},"n":"0p588_1_0p167_0p167","t":30,"s":[200,244,0],"e":[200,237,0],"to":[0,0,0],"ti":[0,0,0]},{"i":{"x":0.725,"y":1},"o":{"x":0.353,"y":0},"n":"0p725_1_0p353_0","t":38,"s":[200,237,0],"e":[200,240,0],"to":[0,0,0],"ti":[0,0,0]},{"i":{"x":0.725,"y":1},"o":{"x":0.167,"y":0},"n":"0p725_1_0p167_0","t":43,"s":[200,240,0],"e":[200,239,0],"to":[0,0,0],"ti":[0,0,0]},{"t":50}],"ix":2},"a":{"a":0,"k":[0,45,0],"ix":1},"s":{"a":1,"k":[{"i":{"x":[0.833,0.833,0.833],"y":[0.833,0.833,0.833]},"o":{"x":[0.167,0.167,0.167],"y":[0.167,0.167,0.167]},"n":["0p833_0p833_0p167_0p167","0p833_0p833_0p167_0p167","0p833_0p833_0p167_0p167"],"t":26,"s":[100,100,100],"e":[95,105,100]},{"i":{"x":[0.833,0.833,0.833],"y":[0.833,0.833,0.833]},"o":{"x":[0.167,0.167,0.167],"y":[0.167,0.167,0.167]},"n":["0p833_0p833_0p167_0p167","0p833_0p833_0p167_0p167","0p833_0p833_0p167_0p167"],"t":31,"s":[95,105,100],"e":[100,100,100]},{"i":{"x":[0.833,0.833,0.833],"y":[0.833,0.833,0.833]},"o":{"x":[0.167,0.167,0.167],"y":[0.167,0.167,0.167]},"n":["0p833_0p833_0p167_0p167","0p833_0p833_0p167_0p167","0p833_0p833_0p167_0p167"],"t":38,"s":[100,100,100],"e":[105,95,100]},{"i":{"x":[0.833,0.833,0.833],"y":[0.833,0.833,0.833]},"o":{"x":[0.167,0.167,0.167],"y":[0.167,0.167,0.167]},"n":["0p833_0p833_0p167_0p167","0p833_0p833_0p167_0p167","0p833_0p833_0p167_0p167"],"t":43,"s":[105,95,100],"e":[97,103,100]},{"i":{"x":[0.833,0.833,0.833],"y":[0.833,0.833,0.833]},"o":{"x":[0.167,0.167,0.167],"y":[0.167,0.167,0.167]},"n":["0p833_0p833_0p167_0p167","0p833_0p833_0p167_0p167","0p833_0p833_0p167_0p167"],"t":50,"s":[97,103,100],"e":[102,98,100]},{"i":{"x":[0.833,0.833,0.833],"y":[0.833,0.833,0.833]},"o":{"x":[0.167,0.167,0.167],"y":[0.167,0.167,0.167]},"n":["0p833_0p833_0p167_0p167","0p833_0p833_0p167_0p167","0p833_0p833_0p167_0p167"],"t":55,"s":[102,98,100],"e":[100,100,100]},{"t":60}],"ix":6}},"ao":0,"shapes":[{"ty":"gr","it":[{"ind":0,"ty":"sh","ix":1,"ks":{"a":1,"k":[{"i":{"x":0.833,"y":0.833},"o":{"x":0.167,"y":0.167},"n":"0p833_0p833_0p167_0p167","t":0,"s":[{"i":[[0,0],[0,0],[11.95,-0.108],[15.058,0.12],[14.191,0.159],[5.988,-1.245],[0,23.224]],"o":[[0,0],[-5.918,-1.219],[-15.082,0.137],[-14.195,-0.113],[-11.896,-0.133],[0,-23.224],[0,0]],"v":[[59,-26],[59.5,43.673],[32,41],[-1.252,43.672],[-32,41],[-59.5,43.673],[-59.5,-26]],"c":false}],"e":[{"i":[[0,0],[0,0],[11.621,-4.358],[15.058,0.12],[13.105,5.446],[5.988,-1.245],[0,23.224]],"o":[[0,0],[-5.918,-1.219],[-13.333,5],[-14.195,-0.113],[-12.833,-5.333],[0,-23.224],[0,0]],"v":[[40,-32],[39.667,30.673],[19.833,34.167],[-1.252,43.672],[-20.167,34.667],[-40.333,30.673],[-40.167,-32.667]],"c":false}]},{"i":{"x":0.833,"y":0.833},"o":{"x":0.167,"y":0.167},"n":"0p833_0p833_0p167_0p167","t":7,"s":[{"i":[[0,0],[0,0],[11.621,-4.358],[15.058,0.12],[13.105,5.446],[5.988,-1.245],[0,23.224]],"o":[[0,0],[-5.918,-1.219],[-13.333,5],[-14.195,-0.113],[-12.833,-5.333],[0,-23.224],[0,0]],"v":[[40,-32],[39.667,30.673],[19.833,34.167],[-1.252,43.672],[-20.167,34.667],[-40.333,30.673],[-40.167,-32.667]],"c":false}],"e":[{"i":[[0,0],[0,0],[11.95,-0.108],[15.058,0.12],[14.191,0.159],[5.988,-1.245],[0,23.224]],"o":[[0,0],[-5.918,-1.219],[-15.082,0.137],[-14.195,-0.113],[-11.896,-0.133],[0,-23.224],[0,0]],"v":[[59,-26],[59.5,43.673],[32,41],[-1.252,43.672],[-32,41],[-59.5,43.673],[-59.5,-26]],"c":false}]},{"t":15}],"ix":2},"nm":"Path 1","mn":"ADBE Vector Shape - Group","hd":false},{"ty":"st","c":{"a":0,"k":[1,0.341176480055,0.341176480055,1],"ix":3},"o":{"a":0,"k":100,"ix":4},"w":{"a":0,"k":8,"ix":5},"lc":2,"lj":2,"nm":"Stroke 1","mn":"ADBE Vector Graphic - Stroke","hd":false},{"ty":"tr","p":{"a":0,"k":[0,0],"ix":2},"a":{"a":0,"k":[0,0],"ix":1},"s":{"a":0,"k":[100,100],"ix":3},"r":{"a":0,"k":0,"ix":6},"o":{"a":0,"k":100,"ix":7},"sk":{"a":0,"k":0,"ix":4},"sa":{"a":0,"k":0,"ix":5},"nm":"Transform"}],"nm":"Group 1","np":2,"cix":2,"ix":1,"mn":"ADBE Vector Group","hd":false}],"ip":0,"op":200,"st":0,"bm":0},{"ddd":0,"ind":14,"ty":4,"nm":"rim","parent":13,"sr":1,"ks":{"o":{"a":0,"k":100,"ix":11},"r":{"a":0,"k":0,"ix":10},"p":{"a":0,"k":[-1,40.5,0],"ix":2},"a":{"a":0,"k":[-1,40.5,0],"ix":1},"s":{"a":0,"k":[100,100,100],"ix":6}},"ao":0,"shapes":[{"ty":"gr","it":[{"ind":0,"ty":"sh","ix":1,"ks":{"a":0,"k":{"i":[[4.694,0],[0,0],[0,4.694],[0,0],[-4.694,0],[0,0],[0,-4.694],[0,0]],"o":[[0,0],[-4.694,0],[0,0],[0,-4.694],[0,0],[4.694,0],[0,0],[0,4.694]],"v":[[2.889,49],[-4.889,49],[-13.389,40.5],[-13.389,40.5],[-4.889,32],[2.889,32],[11.389,40.5],[11.389,40.5]],"c":true},"ix":2},"nm":"Path 1","mn":"ADBE Vector Shape - Group","hd":false},{"ty":"fl","c":{"a":0,"k":[1,0.341176480055,0.341176480055,1],"ix":4},"o":{"a":0,"k":100,"ix":5},"r":1,"nm":"Fill 1","mn":"ADBE Vector Graphic - Fill","hd":false},{"ty":"tr","p":{"a":0,"k":[0,0],"ix":2},"a":{"a":0,"k":[0,0],"ix":1},"s":{"a":0,"k":[100,100],"ix":3},"r":{"a":0,"k":0,"ix":6},"o":{"a":0,"k":100,"ix":7},"sk":{"a":0,"k":0,"ix":4},"sa":{"a":0,"k":0,"ix":5},"nm":"Transform"}],"nm":"Group 1","np":2,"cix":2,"ix":1,"mn":"ADBE Vector Group","hd":false}],"ip":0,"op":200,"st":0,"bm":0},{"ddd":0,"ind":15,"ty":4,"nm":"icon_circle","sr":1,"ks":{"o":{"a":0,"k":100,"ix":11},"r":{"a":0,"k":0,"ix":10},"p":{"a":0,"k":[200.05,200.05,0],"ix":2},"a":{"a":0,"k":[0.05,0.05,0],"ix":1},"s":{"a":0,"k":[100,100,100],"ix":6}},"ao":0,"shapes":[{"ty":"gr","it":[{"ind":0,"ty":"sh","ix":1,"ks":{"a":0,"k":{"i":[[-46.281,0],[0,-46.281],[46.281,0],[0,46.281]],"o":[[46.281,0],[0,46.281],[-46.281,0],[0,-46.281]],"v":[[0.05,-83.75],[83.85,0.05],[0.05,83.85],[-83.75,0.05]],"c":true},"ix":2},"nm":"Path 1","mn":"ADBE Vector Shape - Group","hd":false},{"ty":"fl","c":{"a":0,"k":[0.623529434204,0.901960790157,0.811764717102,1],"ix":4},"o":{"a":0,"k":100,"ix":5},"r":1,"nm":"Fill 1","mn":"ADBE Vector Graphic - Fill","hd":false},{"ty":"tr","p":{"a":0,"k":[0,0],"ix":2},"a":{"a":0,"k":[0,0],"ix":1},"s":{"a":0,"k":[100,100],"ix":3},"r":{"a":0,"k":0,"ix":6},"o":{"a":0,"k":100,"ix":7},"sk":{"a":0,"k":0,"ix":4},"sa":{"a":0,"k":0,"ix":5},"nm":"Transform"}],"nm":"Group 1","np":2,"cix":2,"ix":1,"mn":"ADBE Vector Group","hd":false}],"ip":0,"op":200,"st":0,"bm":0}],"markers":[]}